Plate,Well,ID,target_name,Amp Score,Amp Status,Task,Cq,Cq_mean,Cq_standard Deviation,Quantity,quantity_mean,Quantity Standard Deviation,Intercept,R-Squared,Slope,Efficiency,Auto Threshold,Threshold,Auto Baseline,Baseline Start,Baseline End,Omit,,,,,,
1,A1,167,DWV,1.222,Amp,UNKNOWN,15.316,14.601,1.011,473190.8,831577.9,506835.8,35.57592,0.9939175,-3.569952,90.6,TRUE,0.114,TRUE,3,10,FALSE,,,,,,
1,A2,155,DWV,1.225,Amp,UNKNOWN,21.599,21.301,0.421,8226.717,10150.146,2720.141,35.57592,0.9939175,-3.569952,90.6,TRUE,0.114,TRUE,3,17,FALSE,,,,,,
1,A3,170,DWV,1.271,Amp,UNKNOWN,23.155,23.549,0.557,3014.889,2414.281,849.387,35.57592,0.9939175,-3.569952,90.6,TRUE,0.114,TRUE,3,19,FALSE,,,,,,
1,A4,116,DWV,1.392,Amp,UNKNOWN,15.535,16.081,0.772,411043.56,307141.22,146940.12,35.57592,0.9939175,-3.569952,90.6,TRUE,0.114,TRUE,3,11,FALSE,,,,,,
1,A5,96,DWV,1.414,Amp,UNKNOWN,11.83,12.296,0.658,4482227,3470505.2,1430790.8,35.57592,0.9939175,-3.569952,90.6,TRUE,0.114,TRUE,3,7,FALSE,,,,,,
1,A6,113,DWV,1.421,Amp,UNKNOWN,13.469,13.846,0.533,1557482.1,1257753.6,423880.1,35.57592,0.9939175,-3.569952,90.6,TRUE,0.114,TRUE,3,9,FALSE,,,,,,
1,A7,135,DWV,1.419,Amp,UNKNOWN,14.615,14.64,0.035,743674.44,731954.94,16573.842,35.57592,0.9939175,-3.569952,90.6,TRUE,0.114,TRUE,3,10,FALSE,,,,,,
1,A8,105,DWV,1.437,Amp,UNKNOWN,15.192,15.427,0.332,512578.22,445638.75,94666.69,35.57592,0.9939175,-3.569952,90.6,TRUE,0.114,TRUE,3,11,FALSE,,,,,,
1,A9,111,DWV,1.418,Amp,UNKNOWN,27.765,28.236,0.665,154.10776,119.05,49.578,35.57592,0.9939175,-3.569952,90.6,TRUE,0.114,TRUE,3,23,FALSE,,,,,,
1,A10,85,DWV,1.415,Amp,UNKNOWN,27.16,27.249,0.126,227.7055,215.342,17.485,35.57592,0.9939175,-3.569952,90.6,TRUE,0.114,TRUE,3,22,FALSE,,,,,,
1,A11,98,DWV,1.433,Amp,UNKNOWN,12.108,12.159,0.073,3747502.2,3627397.8,169853.45,35.57592,0.9939175,-3.569952,90.6,TRUE,0.114,TRUE,3,8,FALSE,,,,,,
1,B1,167,DWV,1.435,Amp,UNKNOWN,13.887,14.601,1.011,1189964.9,831577.9,506835.8,35.57592,0.9939175,-3.569952,90.6,TRUE,0.114,TRUE,3,10,FALSE,,,,,,
1,B2,155,DWV,1.439,Amp,UNKNOWN,21.004,21.301,0.421,12073.577,10150.146,2720.141,35.57592,0.9939175,-3.569952,90.6,TRUE,0.114,TRUE,3,16,FALSE,,,,,,
1,B3,170,DWV,1.441,Amp,UNKNOWN,23.943,23.549,0.557,1813.6741,2414.281,849.387,35.57592,0.9939175,-3.569952,90.6,TRUE,0.114,TRUE,3,19,FALSE,,,,,,
1,B4,116,DWV,1.456,Amp,UNKNOWN,16.627,16.081,0.772,203238.86,307141.22,146940.12,35.57592,0.9939175,-3.569952,90.6,TRUE,0.114,TRUE,3,11,FALSE,,,,,,
1,B5,96,DWV,1.459,Amp,UNKNOWN,12.761,12.296,0.658,2458783.2,3470505.2,1430790.8,35.57592,0.9939175,-3.569952,90.6,TRUE,0.114,TRUE,3,8,FALSE,,,,,,
1,B6,113,DWV,1.444,Amp,UNKNOWN,14.223,13.846,0.533,958025.1,1257753.6,423880.1,35.57592,0.9939175,-3.569952,90.6,TRUE,0.114,TRUE,3,10,FALSE,,,,,,
1,B7,135,DWV,1.452,Amp,UNKNOWN,14.665,14.64,0.035,720235.5,731954.94,16573.842,35.57592,0.9939175,-3.569952,90.6,TRUE,0.114,TRUE,3,10,FALSE,,,,,,
1,B8,105,DWV,1.453,Amp,UNKNOWN,15.662,15.427,0.332,378699.28,445638.75,94666.69,35.57592,0.9939175,-3.569952,90.6,TRUE,0.114,TRUE,3,11,FALSE,,,,,,
1,B9,111,DWV,1.435,Amp,UNKNOWN,28.706,28.236,0.665,83.993195,119.05,49.578,35.57592,0.9939175,-3.569952,90.6,TRUE,0.114,TRUE,3,24,FALSE,,,,,,
1,B10,85,DWV,1.426,Amp,UNKNOWN,27.338,27.249,0.126,202.97798,215.342,17.485,35.57592,0.9939175,-3.569952,90.6,TRUE,0.114,TRUE,3,22,FALSE,,,,,,
1,B11,98,DWV,1.446,Amp,UNKNOWN,12.211,12.159,0.073,3507293.2,3627397.8,169853.45,35.57592,0.9939175,-3.569952,90.6,TRUE,0.114,TRUE,3,8,FALSE,,,,,,
1,C1,167,ACTIN,1.56,Amp,UNKNOWN,15.212,15.022,0.269,797657.25,908417.9,156639.16,36.29999,0.9990826,-3.57306,90.49,TRUE,0.3,TRUE,3,10,FALSE,,,,,,
1,C2,155,ACTIN,1.551,Amp,UNKNOWN,14.943,14.973,0.043,948831.75,930694.5,25649.967,36.29999,0.9990826,-3.57306,90.49,TRUE,0.3,TRUE,3,10,FALSE,,,,,,
1,C3,170,ACTIN,1.555,Amp,UNKNOWN,15.348,15.434,0.121,730713.5,692445.06,54119.676,36.29999,0.9990826,-3.57306,90.49,TRUE,0.3,TRUE,3,9,FALSE,,,,,,
1,C4,116,ACTIN,1.551,Amp,UNKNOWN,15.129,15.202,0.104,841820.5,803841.75,53710.09,36.29999,0.9990826,-3.57306,90.49,TRUE,0.3,TRUE,3,10,FALSE,,,,,,
1,C5,96,ACTIN,1.552,Amp,UNKNOWN,14.736,14.895,0.225,1084463.1,983891.8,142229.27,36.29999,0.9990826,-3.57306,90.49,TRUE,0.3,TRUE,3,9,FALSE,,,,,,
1,C6,113,ACTIN,1.551,Amp,UNKNOWN,14.719,14.872,0.216,1096579.6,998415.3,138825.33,36.29999,0.9990826,-3.57306,90.49,TRUE,0.3,TRUE,3,9,FALSE,,,,,,
1,C7,135,ACTIN,1.554,Amp,UNKNOWN,14.817,14.872,0.077,1028880.4,993874,49506.465,36.29999,0.9990826,-3.57306,90.49,TRUE,0.3,TRUE,3,9,FALSE,,,,,,
1,C8,105,ACTIN,1.561,Amp,UNKNOWN,15.267,15.39,0.173,770064.94,713843.9,79508.61,36.29999,0.9990826,-3.57306,90.49,TRUE,0.3,TRUE,3,10,FALSE,,,,,,
1,C9,111,ACTIN,1.562,Amp,UNKNOWN,15.268,15.319,0.073,769689.75,745046.94,34850.145,36.29999,0.9990826,-3.57306,90.49,TRUE,0.3,TRUE,3,10,FALSE,,,,,,
1,C10,85,ACTIN,1.556,Amp,UNKNOWN,15.064,15.078,0.021,877977,869729.94,11663.093,36.29999,0.9990826,-3.57306,90.49,TRUE,0.3,TRUE,3,9,FALSE,,,,,,
1,C11,98,ACTIN,1.562,Amp,UNKNOWN,15.393,15.432,0.056,710055.75,692461.75,24881.629,36.29999,0.9990826,-3.57306,90.49,TRUE,0.3,TRUE,3,10,FALSE,,,,,,
1,D1,167,ACTIN,1.545,Amp,UNKNOWN,14.832,15.022,0.269,1019178.44,908417.9,156639.16,36.29999,0.9990826,-3.57306,90.49,TRUE,0.3,TRUE,3,9,FALSE,,,,,,
1,D2,155,ACTIN,1.561,Amp,UNKNOWN,15.004,14.973,0.043,912557.25,930694.5,25649.967,36.29999,0.9990826,-3.57306,90.49,TRUE,0.3,TRUE,3,9,FALSE,,,,,,
1,D3,170,ACTIN,1.568,Amp,UNKNOWN,15.52,15.434,0.121,654176.7,692445.06,54119.676,36.29999,0.9990826,-3.57306,90.49,TRUE,0.3,TRUE,3,10,FALSE,,,,,,
1,D4,116,ACTIN,1.571,Amp,UNKNOWN,15.276,15.202,0.104,765863,803841.75,53710.09,36.29999,0.9990826,-3.57306,90.49,TRUE,0.3,TRUE,3,9,FALSE,,,,,,
1,D5,96,ACTIN,1.571,Amp,UNKNOWN,15.054,14.895,0.225,883320.5,983891.8,142229.27,36.29999,0.9990826,-3.57306,90.49,TRUE,0.3,TRUE,3,10,FALSE,,,,,,
1,D6,113,ACTIN,1.568,Amp,UNKNOWN,15.025,14.872,0.216,900251,998415.3,138825.33,36.29999,0.9990826,-3.57306,90.49,TRUE,0.3,TRUE,3,10,FALSE,,,,,,
1,D7,135,ACTIN,1.564,Amp,UNKNOWN,14.927,14.872,0.077,958867.6,993874,49506.465,36.29999,0.9990826,-3.57306,90.49,TRUE,0.3,TRUE,3,9,FALSE,,,,,,
1,D8,105,ACTIN,1.57,Amp,UNKNOWN,15.512,15.39,0.173,657622.8,713843.9,79508.61,36.29999,0.9990826,-3.57306,90.49,TRUE,0.3,TRUE,3,10,FALSE,,,,,,
1,D9,111,ACTIN,1.569,Amp,UNKNOWN,15.371,15.319,0.073,720404.2,745046.94,34850.145,36.29999,0.9990826,-3.57306,90.49,TRUE,0.3,TRUE,3,9,FALSE,,,,,,
1,D10,85,ACTIN,1.565,Amp,UNKNOWN,15.093,15.078,0.021,861482.94,869729.94,11663.093,36.29999,0.9990826,-3.57306,90.49,TRUE,0.3,TRUE,3,10,FALSE,,,,,,
1,D11,98,ACTIN,1.564,Amp,UNKNOWN,15.472,15.432,0.056,674867.8,692461.75,24881.629,36.29999,0.9990826,-3.57306,90.49,TRUE,0.3,TRUE,3,10,FALSE,,,,,,
1,E1,106,DWV,1.453,Amp,UNKNOWN,21.007,20.69,0.449,12047.73,15098.709,4314.735,35.57592,0.9939175,-3.569952,90.6,TRUE,0.114,TRUE,3,17,FALSE,,,,,,
1,E2,125,DWV,1.45,Amp,UNKNOWN,21.918,21.647,0.384,6694.0415,8096.602,1983.52,35.57592,0.9939175,-3.569952,90.6,TRUE,0.114,TRUE,3,17,FALSE,,,,,,
1,E3,123,DWV,1.447,Amp,UNKNOWN,30.35,29.612,1.045,29.094965,52.27,32.775,35.57592,0.9939175,-3.569952,90.6,TRUE,0.114,TRUE,3,26,FALSE,,,,,,
1,E4,118,DWV,1.459,Amp,UNKNOWN,14.108,14.039,0.099,1031363.4,1079867.6,68595.34,35.57592,0.9939175,-3.569952,90.6,TRUE,0.114,TRUE,3,9,FALSE,,,,,,
1,E5,102,DWV,1.457,Amp,UNKNOWN,15.765,15.674,0.129,354193.16,376329.06,31304.88,35.57592,0.9939175,-3.569952,90.6,TRUE,0.114,TRUE,3,11,FALSE,,,,,,
1,E6,173,DWV,1.457,Amp,UNKNOWN,15.358,15.316,0.059,460655.72,473402.3,18026.41,35.57592,0.9939175,-3.569952,90.6,TRUE,0.114,TRUE,3,11,FALSE,,,,,,
1,E7,171,DWV,1.463,Amp,UNKNOWN,18.362,18.305,0.081,66340.15,68888.28,3603.611,35.57592,0.9939175,-3.569952,90.6,TRUE,0.114,TRUE,3,14,FALSE,,,,,,
1,E8,110,DWV,1.448,Amp,UNKNOWN,28.364,28.147,0.306,104.78338,121.658,23.864,35.57592,0.9939175,-3.569952,90.6,TRUE,0.114,TRUE,3,24,FALSE,,,,,,
1,F1,106,DWV,1.451,Amp,UNKNOWN,20.372,20.69,0.449,18149.688,15098.709,4314.735,35.57592,0.9939175,-3.569952,90.6,TRUE,0.114,TRUE,3,16,FALSE,,,,,,
1,F2,125,DWV,1.447,Amp,UNKNOWN,21.376,21.647,0.384,9499.162,8096.602,1983.52,35.57592,0.9939175,-3.569952,90.6,TRUE,0.114,TRUE,3,17,FALSE,,,,,,
1,F3,123,DWV,1.447,Amp,UNKNOWN,28.873,29.612,1.045,75.445274,52.27,32.775,35.57592,0.9939175,-3.569952,90.6,TRUE,0.114,TRUE,3,24,FALSE,,,,,,
1,F4,118,DWV,1.459,Amp,UNKNOWN,13.969,14.039,0.099,1128371.9,1079867.6,68595.34,35.57592,0.9939175,-3.569952,90.6,TRUE,0.114,TRUE,3,10,FALSE,,,,,,
1,F5,102,DWV,1.452,Amp,UNKNOWN,15.583,15.674,0.129,398464.94,376329.06,31304.88,35.57592,0.9939175,-3.569952,90.6,TRUE,0.114,TRUE,3,11,FALSE,,,,,,
1,F6,173,DWV,1.455,Amp,UNKNOWN,15.274,15.316,0.059,486148.94,473402.3,18026.41,35.57592,0.9939175,-3.569952,90.6,TRUE,0.114,TRUE,3,11,FALSE,,,,,,
1,F7,171,DWV,1.459,Amp,UNKNOWN,18.248,18.305,0.081,71436.42,68888.28,3603.611,35.57592,0.9939175,-3.569952,90.6,TRUE,0.114,TRUE,3,14,FALSE,,,,,,
1,F8,110,DWV,1.445,Amp,UNKNOWN,27.931,28.147,0.306,138.53268,121.658,23.864,35.57592,0.9939175,-3.569952,90.6,TRUE,0.114,TRUE,3,23,FALSE,,,,,,
1,G1,106,ACTIN,1.561,Amp,UNKNOWN,15.846,15.803,0.06,530318.5,545225.56,21081.85,36.29999,0.9990826,-3.57306,90.49,TRUE,0.3,TRUE,3,10,FALSE,,,,,,
1,G2,125,ACTIN,1.567,Amp,UNKNOWN,15.252,15.277,0.034,777402.6,765394.7,16981.756,36.29999,0.9990826,-3.57306,90.49,TRUE,0.3,TRUE,3,10,FALSE,,,,,,
1,G3,123,ACTIN,1.562,Amp,UNKNOWN,15.734,15.841,0.15,569833.25,533320.94,51636.215,36.29999,0.9990826,-3.57306,90.49,TRUE,0.3,TRUE,3,10,FALSE,,,,,,
1,G4,118,ACTIN,1.57,Amp,UNKNOWN,15.619,15.631,0.018,613774.8,608904.1,6888.23,36.29999,0.9990826,-3.57306,90.49,TRUE,0.3,TRUE,3,11,FALSE,,,,,,
1,G5,102,ACTIN,1.568,Amp,UNKNOWN,15.407,15.452,0.064,703831.1,683827,28290.055,36.29999,0.9990826,-3.57306,90.49,TRUE,0.3,TRUE,3,10,FALSE,,,,,,
1,G6,173,ACTIN,1.569,Amp,UNKNOWN,15.634,15.73,0.135,607743.25,572509.4,49828.223,36.29999,0.9990826,-3.57306,90.49,TRUE,0.3,TRUE,3,10,FALSE,,,,,,
1,G7,171,ACTIN,1.566,Amp,UNKNOWN,15.44,15.481,0.059,688951.06,671042.06,25327.182,36.29999,0.9990826,-3.57306,90.49,TRUE,0.3,TRUE,3,10,FALSE,,,,,,
1,G8,110,ACTIN,1.568,Amp,UNKNOWN,15.376,15.474,0.138,717822.3,675314.56,60115.035,36.29999,0.9990826,-3.57306,90.49,TRUE,0.3,TRUE,3,9,FALSE,,,,,,
1,H1,106,ACTIN,1.562,Amp,UNKNOWN,15.761,15.803,0.06,560132.7,545225.56,21081.85,36.29999,0.9990826,-3.57306,90.49,TRUE,0.3,TRUE,3,10,FALSE,,,,,,
1,H2,125,ACTIN,1.567,Amp,UNKNOWN,15.301,15.277,0.034,753386.75,765394.7,16981.756,36.29999,0.9990826,-3.57306,90.49,TRUE,0.3,TRUE,3,9,FALSE,,,,,,
1,H3,123,ACTIN,1.565,Amp,UNKNOWN,15.947,15.841,0.15,496808.6,533320.94,51636.215,36.29999,0.9990826,-3.57306,90.49,TRUE,0.3,TRUE,3,10,FALSE,,,,,,
1,H4,118,ACTIN,1.558,Amp,UNKNOWN,15.644,15.631,0.018,604033.44,608904.1,6888.23,36.29999,0.9990826,-3.57306,90.49,TRUE,0.3,TRUE,3,10,FALSE,,,,,,
1,H5,102,ACTIN,1.569,Amp,UNKNOWN,15.497,15.452,0.064,663822.94,683827,28290.055,36.29999,0.9990826,-3.57306,90.49,TRUE,0.3,TRUE,3,10,FALSE,,,,,,
1,H6,173,ACTIN,1.559,Amp,UNKNOWN,15.826,15.73,0.135,537275.5,572509.4,49828.223,36.29999,0.9990826,-3.57306,90.49,TRUE,0.3,TRUE,3,10,FALSE,,,,,,
1,H7,171,ACTIN,1.567,Amp,UNKNOWN,15.523,15.481,0.059,653133,671042.06,25327.182,36.29999,0.9990826,-3.57306,90.49,TRUE,0.3,TRUE,3,10,FALSE,,,,,,
1,H8,110,ACTIN,1.566,Amp,UNKNOWN,15.572,15.474,0.138,632806.8,675314.56,60115.035,36.29999,0.9990826,-3.57306,90.49,TRUE,0.3,TRUE,3,10,FALSE,,,,,,
2,A1,112,DWV,1.319,Amp,UNKNOWN,18.535,18.509,0.037,59340.77,60349.113,1426.017,35.57592,0.9939175,-3.569952,90.6,TRUE,0.1,TRUE,3,14,FALSE,,,,,,
2,A2,133,DWV,1.383,Amp,UNKNOWN,16.6,16.986,0.546,206776.95,166203.98,57378.836,35.57592,0.9939175,-3.569952,90.6,TRUE,0.1,TRUE,3,12,FALSE,,,,,,
2,A3,129,DWV,1.393,Amp,UNKNOWN,21.053,21.588,0.758,11701.232,8782.16,4128.193,35.57592,0.9939175,-3.569952,90.6,TRUE,0.1,TRUE,3,16,FALSE,,,,,,
2,A4,142,DWV,1.4,Amp,UNKNOWN,14.364,14.938,0.813,874654,645723.1,323757.2,35.57592,0.9939175,-3.569952,90.6,TRUE,0.1,TRUE,3,10,FALSE,,,,,,
2,A5,168,DWV,1.402,Amp,UNKNOWN,15.485,16.054,0.803,424276.53,314078.62,155843.39,35.57592,0.9939175,-3.569952,90.6,TRUE,0.1,TRUE,3,11,FALSE,,,,,,
2,A6,134,DWV,1.391,Amp,UNKNOWN,24.454,24.95,0.701,1304.4651,996.294,435.82,35.57592,0.9939175,-3.569952,90.6,TRUE,0.1,TRUE,3,20,FALSE,,,,,,
2,A7,169,DWV,1.386,Amp,UNKNOWN,21.504,21.892,0.548,8745.766,7024.673,2433.991,35.57592,0.9939175,-3.569952,90.6,TRUE,0.1,TRUE,3,17,FALSE,,,,,,
2,A8,88,DWV,1.401,Amp,UNKNOWN,15.589,16.041,0.64,396953.34,309177.2,124134.21,35.57592,0.9939175,-3.569952,90.6,TRUE,0.1,TRUE,3,11,FALSE,,,,,,
2,A9,94,DWV,1.391,Amp,UNKNOWN,26.963,27.583,0.876,258.5339,187.387,100.617,35.57592,0.9939175,-3.569952,90.6,TRUE,0.1,TRUE,3,22,FALSE,,,,,,
2,A10,140,DWV,1.378,Amp,UNKNOWN,24.824,25.043,0.31,1027.6859,901.233,178.831,35.57592,0.9939175,-3.569952,90.6,TRUE,0.1,TRUE,3,20,FALSE,,,,,,
2,A11,89,DWV,1.391,Amp,UNKNOWN,20.628,20.763,0.191,15385.052,14157.072,1736.626,35.57592,0.9939175,-3.569952,90.6,TRUE,0.1,TRUE,3,16,FALSE,,,,,,
2,B1,112,DWV,1.421,Amp,UNKNOWN,18.483,18.509,0.037,61357.46,60349.113,1426.017,35.57592,0.9939175,-3.569952,90.6,TRUE,0.1,TRUE,3,14,FALSE,,,,,,
2,B2,133,DWV,1.421,Amp,UNKNOWN,17.372,16.986,0.546,125631.02,166203.98,57378.836,35.57592,0.9939175,-3.569952,90.6,TRUE,0.1,TRUE,3,13,FALSE,,,,,,
2,B3,129,DWV,1.425,Amp,UNKNOWN,22.124,21.588,0.758,5863.087,8782.16,4128.193,35.57592,0.9939175,-3.569952,90.6,TRUE,0.1,TRUE,3,18,FALSE,,,,,,
2,B4,142,DWV,1.425,Amp,UNKNOWN,15.513,14.938,0.813,416792.22,645723.1,323757.2,35.57592,0.9939175,-3.569952,90.6,TRUE,0.1,TRUE,3,11,FALSE,,,,,,
2,B5,168,DWV,1.419,Amp,UNKNOWN,16.622,16.054,0.803,203880.69,314078.62,155843.39,35.57592,0.9939175,-3.569952,90.6,TRUE,0.1,TRUE,3,12,FALSE,,,,,,
2,B6,134,DWV,1.405,Amp,UNKNOWN,25.446,24.95,0.701,688.1227,996.294,435.82,35.57592,0.9939175,-3.569952,90.6,TRUE,0.1,TRUE,3,21,FALSE,,,,,,
2,B7,169,DWV,1.402,Amp,UNKNOWN,22.279,21.892,0.548,5303.5815,7024.673,2433.991,35.57592,0.9939175,-3.569952,90.6,TRUE,0.1,TRUE,3,18,FALSE,,,,,,
2,B8,88,DWV,1.41,Amp,UNKNOWN,16.494,16.041,0.64,221401.06,309177.2,124134.21,35.57592,0.9939175,-3.569952,90.6,TRUE,0.1,TRUE,3,12,FALSE,,,,,,
2,B9,94,DWV,1.399,Amp,UNKNOWN,28.203,27.583,0.876,116.240425,187.387,100.617,35.57592,0.9939175,-3.569952,90.6,TRUE,0.1,TRUE,3,24,FALSE,,,,,,
2,B10,140,DWV,1.389,Amp,UNKNOWN,25.262,25.043,0.31,774.7808,901.233,178.831,35.57592,0.9939175,-3.569952,90.6,TRUE,0.1,TRUE,3,21,FALSE,,,,,,
2,B11,89,DWV,1.399,Amp,UNKNOWN,20.898,20.763,0.191,12929.092,14157.072,1736.626,35.57592,0.9939175,-3.569952,90.6,TRUE,0.1,TRUE,3,17,FALSE,,,,,,
2,C1,112,ACTIN,1.528,Amp,UNKNOWN,15.987,16.112,0.177,484109.12,448108.53,50912.516,36.29999,0.9990826,-3.57306,90.49,TRUE,0.345,TRUE,3,11,FALSE,,,,,,
2,C2,133,ACTIN,1.519,Amp,UNKNOWN,15.911,16.047,0.192,508376.3,467562.3,57719.703,36.29999,0.9990826,-3.57306,90.49,TRUE,0.345,TRUE,3,10,FALSE,,,,,,
2,C3,129,ACTIN,1.528,Amp,UNKNOWN,15.637,15.844,0.292,606595.8,535632.44,100357.37,36.29999,0.9990826,-3.57306,90.49,TRUE,0.345,TRUE,3,9,FALSE,,,,,,
2,C4,142,ACTIN,1.531,Amp,UNKNOWN,15.976,16.105,0.182,487606.56,450369.25,52661.52,36.29999,0.9990826,-3.57306,90.49,TRUE,0.345,TRUE,3,10,FALSE,,,,,,
2,C5,168,ACTIN,1.522,Amp,UNKNOWN,15.458,15.522,0.09,680845.5,654034.1,37916.97,36.29999,0.9990826,-3.57306,90.49,TRUE,0.345,TRUE,3,10,FALSE,,,,,,
2,C6,134,ACTIN,1.53,Amp,UNKNOWN,16.558,16.619,0.086,335222.34,322563.88,17901.754,36.29999,0.9990826,-3.57306,90.49,TRUE,0.345,TRUE,3,11,FALSE,,,,,,
2,C7,169,ACTIN,1.522,Amp,UNKNOWN,16.179,16.238,0.084,427974.34,412176.84,22341.076,36.29999,0.9990826,-3.57306,90.49,TRUE,0.345,TRUE,3,10,FALSE,,,,,,
2,C8,88,ACTIN,1.533,Amp,UNKNOWN,16.007,16.12,0.159,477891.9,445669.12,45569.87,36.29999,0.9990826,-3.57306,90.49,TRUE,0.345,TRUE,3,10,FALSE,,,,,,
2,C9,94,ACTIN,1.515,Amp,UNKNOWN,16.115,16.219,0.147,445918.12,417971.78,39522.113,36.29999,0.9990826,-3.57306,90.49,TRUE,0.345,TRUE,3,10,FALSE,,,,,,
2,C10,140,ACTIN,1.521,Amp,UNKNOWN,16.175,16.098,0.109,429056.22,451417.06,31623.023,36.29999,0.9990826,-3.57306,90.49,TRUE,0.345,TRUE,3,11,FALSE,,,,,,
2,C11,89,ACTIN,1.515,Amp,UNKNOWN,16.171,16.245,0.104,429992.8,410477.56,27598.705,36.29999,0.9990826,-3.57306,90.49,TRUE,0.345,TRUE,3,10,FALSE,,,,,,
2,D1,112,ACTIN,1.522,Amp,UNKNOWN,16.237,16.112,0.177,412107.94,448108.53,50912.516,36.29999,0.9990826,-3.57306,90.49,TRUE,0.345,TRUE,3,10,FALSE,,,,,,
2,D2,133,ACTIN,1.522,Amp,UNKNOWN,16.183,16.047,0.192,426748.3,467562.3,57719.703,36.29999,0.9990826,-3.57306,90.49,TRUE,0.345,TRUE,3,10,FALSE,,,,,,
2,D3,129,ACTIN,1.524,Amp,UNKNOWN,16.051,15.844,0.292,464669.06,535632.44,100357.37,36.29999,0.9990826,-3.57306,90.49,TRUE,0.345,TRUE,3,10,FALSE,,,,,,
2,D4,142,ACTIN,1.529,Amp,UNKNOWN,16.233,16.105,0.182,413131.9,450369.25,52661.52,36.29999,0.9990826,-3.57306,90.49,TRUE,0.345,TRUE,3,10,FALSE,,,,,,
2,D5,168,ACTIN,1.539,Amp,UNKNOWN,15.585,15.522,0.09,627222.75,654034.1,37916.97,36.29999,0.9990826,-3.57306,90.49,TRUE,0.345,TRUE,3,9,FALSE,,,,,,
2,D6,134,ACTIN,1.536,Amp,UNKNOWN,16.679,16.619,0.086,309905.44,322563.88,17901.754,36.29999,0.9990826,-3.57306,90.49,TRUE,0.345,TRUE,3,10,FALSE,,,,,,
2,D7,169,ACTIN,1.532,Amp,UNKNOWN,16.298,16.238,0.084,396379.3,412176.84,22341.076,36.29999,0.9990826,-3.57306,90.49,TRUE,0.345,TRUE,3,9,FALSE,,,,,,
2,D8,88,ACTIN,1.525,Amp,UNKNOWN,16.232,16.12,0.159,413446.38,445669.12,45569.87,36.29999,0.9990826,-3.57306,90.49,TRUE,0.345,TRUE,3,10,FALSE,,,,,,
2,D9,94,ACTIN,1.526,Amp,UNKNOWN,16.323,16.219,0.147,390025.44,417971.78,39522.113,36.29999,0.9990826,-3.57306,90.49,TRUE,0.345,TRUE,3,10,FALSE,,,,,,
2,D10,140,ACTIN,1.525,Amp,UNKNOWN,16.021,16.098,0.109,473777.94,451417.06,31623.023,36.29999,0.9990826,-3.57306,90.49,TRUE,0.345,TRUE,3,10,FALSE,,,,,,
2,D11,89,ACTIN,1.509,Amp,UNKNOWN,16.319,16.245,0.104,390962.34,410477.56,27598.705,36.29999,0.9990826,-3.57306,90.49,TRUE,0.345,TRUE,3,10,FALSE,,,,,,
2,E1,176,DWV,1.418,Amp,UNKNOWN,16.41,16.837,0.604,233736.72,184235.1,70005.88,35.57592,0.9939175,-3.569952,90.6,TRUE,0.1,TRUE,3,12,FALSE,,,,,,
2,E2,93,DWV,1.27,Amp,UNKNOWN,30.156,30.346,0.269,32.967262,29.384,5.067,35.57592,0.9939175,-3.569952,90.6,TRUE,0.1,TRUE,3,26,FALSE,,,,,,
2,E3,114,DWV,1.364,Amp,UNKNOWN,26.87,27.376,0.716,274.61035,208.732,93.166,35.57592,0.9939175,-3.569952,90.6,TRUE,0.1,TRUE,3,23,FALSE,,,,,,
2,E4,180,DWV,1.391,Amp,UNKNOWN,17.53,17.877,0.49,113455.21,93021.336,28897.865,35.57592,0.9939175,-3.569952,90.6,TRUE,0.1,TRUE,3,13,FALSE,,,,,,
2,E5,131,DWV,1.403,Amp,UNKNOWN,30.622,31.156,0.754,24.41063,18.339,8.587,35.57592,0.9939175,-3.569952,90.6,TRUE,0.1,TRUE,3,26,FALSE,,,,,,
2,E6,166,DWV,1.39,Amp,UNKNOWN,16.53,16.717,0.265,216361.84,193161.23,32810.625,35.57592,0.9939175,-3.569952,90.6,TRUE,0.1,TRUE,3,12,FALSE,,,,,,
2,E7,158,DWV,1.426,Amp,UNKNOWN,17.06,17.163,0.146,153682.17,144125.48,13515.193,35.57592,0.9939175,-3.569952,90.6,TRUE,0.1,TRUE,3,13,FALSE,,,,,,
2,F1,176,DWV,1.398,Amp,UNKNOWN,17.264,16.837,0.604,134733.45,184235.1,70005.88,35.57592,0.9939175,-3.569952,90.6,TRUE,0.1,TRUE,3,13,FALSE,,,,,,
2,F2,93,DWV,1.417,Amp,UNKNOWN,30.536,30.346,0.269,25.801376,29.384,5.067,35.57592,0.9939175,-3.569952,90.6,TRUE,0.1,TRUE,3,26,FALSE,,,,,,
2,F3,114,DWV,1.328,Amp,UNKNOWN,27.883,27.376,0.716,142.85321,208.732,93.166,35.57592,0.9939175,-3.569952,90.6,TRUE,0.1,TRUE,3,23,FALSE,,,,,,
2,F4,180,DWV,1.391,Amp,UNKNOWN,18.223,17.877,0.49,72587.45,93021.336,28897.865,35.57592,0.9939175,-3.569952,90.6,TRUE,0.1,TRUE,3,14,FALSE,,,,,,
2,F5,131,DWV,1.322,Amp,UNKNOWN,31.689,31.156,0.754,12.266409,18.339,8.587,35.57592,0.9939175,-3.569952,90.6,TRUE,0.1,TRUE,3,27,FALSE,,,,,,
2,F6,166,DWV,1.422,Amp,UNKNOWN,16.904,16.717,0.265,169960.61,193161.23,32810.625,35.57592,0.9939175,-3.569952,90.6,TRUE,0.1,TRUE,3,13,FALSE,,,,,,
2,F7,158,DWV,1.424,Amp,UNKNOWN,17.266,17.163,0.146,134568.8,144125.48,13515.193,35.57592,0.9939175,-3.569952,90.6,TRUE,0.1,TRUE,3,12,FALSE,,,,,,
2,G1,176,ACTIN,1.534,Amp,UNKNOWN,16.423,16.354,0.098,365507.1,382614.75,24193.896,36.29999,0.9990826,-3.57306,90.49,TRUE,0.345,TRUE,3,11,FALSE,,,,,,
2,G2,93,ACTIN,1.437,Amp,UNKNOWN,16.786,16.517,0.381,289271.9,349341.88,84951.78,36.29999,0.9990826,-3.57306,90.49,TRUE,0.345,TRUE,3,11,FALSE,,,,,,
2,G3,114,ACTIN,1.529,Amp,UNKNOWN,16.283,16.238,0.064,400240.12,412189.5,16898.979,36.29999,0.9990826,-3.57306,90.49,TRUE,0.345,TRUE,3,10,FALSE,,,,,,
2,G4,180,ACTIN,1.534,Amp,UNKNOWN,16.779,16.716,0.089,290586.53,302897.34,17410.096,36.29999,0.9990826,-3.57306,90.49,TRUE,0.345,TRUE,3,11,FALSE,,,,,,
2,G5,131,ACTIN,1.522,Amp,UNKNOWN,16.141,16.144,0.005,438558.25,437497.56,1500.073,36.29999,0.9990826,-3.57306,90.49,TRUE,0.345,TRUE,3,11,FALSE,,,,,,
2,G6,166,ACTIN,1.529,Amp,UNKNOWN,16.606,16.601,0.008,324836.38,325953.16,1579.388,36.29999,0.9990826,-3.57306,90.49,TRUE,0.345,TRUE,3,10,FALSE,,,,,,
2,G7,158,ACTIN,1.525,Amp,UNKNOWN,16.783,16.707,0.107,289972.84,304762.97,20916.396,36.29999,0.9990826,-3.57306,90.49,TRUE,0.345,TRUE,3,11,FALSE,,,,,,
2,H1,176,ACTIN,1.534,Amp,UNKNOWN,16.285,16.354,0.098,399722.44,382614.75,24193.896,36.29999,0.9990826,-3.57306,90.49,TRUE,0.345,TRUE,3,10,FALSE,,,,,,
2,H2,93,ACTIN,1.528,Amp,UNKNOWN,16.247,16.517,0.381,409411.84,349341.88,84951.78,36.29999,0.9990826,-3.57306,90.49,TRUE,0.345,TRUE,3,10,FALSE,,,,,,
2,H3,114,ACTIN,1.525,Amp,UNKNOWN,16.193,16.238,0.064,424138.9,412189.5,16898.979,36.29999,0.9990826,-3.57306,90.49,TRUE,0.345,TRUE,3,11,FALSE,,,,,,
2,H4,180,ACTIN,1.532,Amp,UNKNOWN,16.653,16.716,0.089,315208.12,302897.34,17410.096,36.29999,0.9990826,-3.57306,90.49,TRUE,0.345,TRUE,3,10,FALSE,,,,,,
2,H5,131,ACTIN,1.532,Amp,UNKNOWN,16.148,16.144,0.005,436436.84,437497.56,1500.073,36.29999,0.9990826,-3.57306,90.49,TRUE,0.345,TRUE,3,11,FALSE,,,,,,
2,H6,166,ACTIN,1.528,Amp,UNKNOWN,16.596,16.601,0.008,327069.97,325953.16,1579.388,36.29999,0.9990826,-3.57306,90.49,TRUE,0.345,TRUE,3,11,FALSE,,,,,,
2,H7,158,ACTIN,1.524,Amp,UNKNOWN,16.632,16.707,0.107,319553.1,304762.97,20916.396,36.29999,0.9990826,-3.57306,90.49,TRUE,0.345,TRUE,3,11,FALSE,,,,,,
3,A1,84,DWV,1.458,Amp,UNKNOWN,14.35,14.283,0.095,882396.1,922551.44,56788.137,35.57592,0.9939175,-3.569952,90.6,TRUE,0.151,TRUE,3,10,FALSE,,,,,,
3,A2,148,DWV,1.453,Amp,UNKNOWN,14.793,14.841,0.068,663251.3,643362.7,28126.82,35.57592,0.9939175,-3.569952,90.6,TRUE,0.151,TRUE,3,10,FALSE,,,,,,
3,A3,120,DWV,1.443,Amp,UNKNOWN,15.769,15.792,0.032,353427.53,348275.8,7285.613,35.57592,0.9939175,-3.569952,90.6,TRUE,0.151,TRUE,3,11,FALSE,,,,,,
3,A4,92,DWV,1.45,Amp,UNKNOWN,13.852,13.84,0.017,1216917.8,1226348.4,13336.847,35.57592,0.9939175,-3.569952,90.6,TRUE,0.151,TRUE,3,9,FALSE,,,,,,
3,A5,100,DWV,1.456,Amp,UNKNOWN,13.994,14.031,0.053,1110607.5,1084192.9,37355.934,35.57592,0.9939175,-3.569952,90.6,TRUE,0.151,TRUE,3,9,FALSE,,,,,,
3,A6,91,DWV,1.449,Amp,UNKNOWN,18.468,18.473,0.008,61987.332,61756.41,326.573,35.57592,0.9939175,-3.569952,90.6,TRUE,0.151,TRUE,3,14,FALSE,,,,,,
3,A7,139,DWV,1.444,Amp,UNKNOWN,23.869,23.829,0.056,1902.9698,1952.483,70.023,35.57592,0.9939175,-3.569952,90.6,TRUE,0.151,TRUE,3,19,FALSE,,,,,,
3,A8,181,DWV,1.452,Amp,UNKNOWN,18.042,18.065,0.033,81576.21,80369.18,1707.007,35.57592,0.9939175,-3.569952,90.6,TRUE,0.151,TRUE,3,13,FALSE,,,,,,
3,A9,147,DWV,1.457,Amp,UNKNOWN,11.901,11.89,0.016,4282438,4313260.5,43589.246,35.57592,0.9939175,-3.569952,90.6,TRUE,0.151,TRUE,3,8,FALSE,,,,,,
3,A10,138,DWV,1.445,Amp,UNKNOWN,14.543,14.643,0.14,779085.25,732249.25,66236.18,35.57592,0.9939175,-3.569952,90.6,TRUE,0.151,TRUE,3,10,FALSE,,,,,,
3,A11,149,DWV,1.428,Amp,UNKNOWN,25.029,25.001,0.039,900.50336,916.986,23.31,35.57592,0.9939175,-3.569952,90.6,TRUE,0.151,TRUE,3,20,FALSE,,,,,,
3,B1,84,DWV,1.456,Amp,UNKNOWN,14.215,14.283,0.095,962706.7,922551.44,56788.137,35.57592,0.9939175,-3.569952,90.6,TRUE,0.151,TRUE,3,9,FALSE,,,,,,
3,B2,148,DWV,1.452,Amp,UNKNOWN,14.889,14.841,0.068,623474,643362.7,28126.82,35.57592,0.9939175,-3.569952,90.6,TRUE,0.151,TRUE,3,10,FALSE,,,,,,
3,B3,120,DWV,1.462,Amp,UNKNOWN,15.815,15.792,0.032,343124.12,348275.8,7285.613,35.57592,0.9939175,-3.569952,90.6,TRUE,0.151,TRUE,3,11,FALSE,,,,,,
3,B4,92,DWV,1.458,Amp,UNKNOWN,13.828,13.84,0.017,1235778.9,1226348.4,13336.847,35.57592,0.9939175,-3.569952,90.6,TRUE,0.151,TRUE,3,9,FALSE,,,,,,
3,B5,100,DWV,1.462,Amp,UNKNOWN,14.069,14.031,0.053,1057778.2,1084192.9,37355.934,35.57592,0.9939175,-3.569952,90.6,TRUE,0.151,TRUE,3,9,FALSE,,,,,,
3,B6,91,DWV,1.453,Amp,UNKNOWN,18.479,18.473,0.008,61525.49,61756.41,326.573,35.57592,0.9939175,-3.569952,90.6,TRUE,0.151,TRUE,3,14,FALSE,,,,,,
3,B7,139,DWV,1.441,Amp,UNKNOWN,23.79,23.829,0.056,2001.997,1952.483,70.023,35.57592,0.9939175,-3.569952,90.6,TRUE,0.151,TRUE,3,19,FALSE,,,,,,
3,B8,181,DWV,1.45,Amp,UNKNOWN,18.088,18.065,0.033,79162.14,80369.18,1707.007,35.57592,0.9939175,-3.569952,90.6,TRUE,0.151,TRUE,3,13,FALSE,,,,,,
3,B9,147,DWV,1.456,Amp,UNKNOWN,11.879,11.89,0.016,4344082.5,4313260.5,43589.246,35.57592,0.9939175,-3.569952,90.6,TRUE,0.151,TRUE,3,7,FALSE,,,,,,
3,B10,138,DWV,1.444,Amp,UNKNOWN,14.742,14.643,0.14,685413.2,732249.25,66236.18,35.57592,0.9939175,-3.569952,90.6,TRUE,0.151,TRUE,3,10,FALSE,,,,,,
3,B11,149,DWV,1.435,Amp,UNKNOWN,24.973,25.001,0.039,933.4684,916.986,23.31,35.57592,0.9939175,-3.569952,90.6,TRUE,0.151,TRUE,3,20,FALSE,,,,,,
3,C1,84,ACTIN,1.558,Amp,UNKNOWN,16.838,16.873,0.049,279794.28,273646.44,8694.351,36.29999,0.9990826,-3.57306,90.49,TRUE,0.431,TRUE,3,10,FALSE,,,,,,
3,C2,148,ACTIN,1.555,Amp,UNKNOWN,16.427,16.587,0.226,364730.25,330789.62,47999.31,36.29999,0.9990826,-3.57306,90.49,TRUE,0.431,TRUE,3,10,FALSE,,,,,,
3,C3,120,ACTIN,1.556,Amp,UNKNOWN,16.543,16.667,0.175,338440.03,313475.3,35305.457,36.29999,0.9990826,-3.57306,90.49,TRUE,0.431,TRUE,3,10,FALSE,,,,,,
3,C4,92,ACTIN,1.556,Amp,UNKNOWN,16.337,16.367,0.043,386535.75,379150.06,10444.939,36.29999,0.9990826,-3.57306,90.49,TRUE,0.431,TRUE,3,10,FALSE,,,,,,
3,C5,100,ACTIN,1.566,Amp,UNKNOWN,16.832,16.874,0.06,280836.88,273413.3,10498.503,36.29999,0.9990826,-3.57306,90.49,TRUE,0.431,TRUE,3,10,FALSE,,,,,,
3,C6,91,ACTIN,1.561,Amp,UNKNOWN,16.504,16.729,0.318,346989.7,303384.16,61667.527,36.29999,0.9990826,-3.57306,90.49,TRUE,0.431,TRUE,3,10,FALSE,,,,,,
3,C7,139,ACTIN,1.561,Amp,UNKNOWN,16.194,16.161,0.047,423769.44,432949.7,12982.849,36.29999,0.9990826,-3.57306,90.49,TRUE,0.431,TRUE,3,10,FALSE,,,,,,
3,C8,181,ACTIN,1.559,Amp,UNKNOWN,16.604,16.629,0.035,325352.22,320226.16,7249.386,36.29999,0.9990826,-3.57306,90.49,TRUE,0.431,TRUE,3,10,FALSE,,,,,,
3,C9,147,ACTIN,1.552,Amp,UNKNOWN,16.411,16.4,0.016,368419.53,371112.62,3808.596,36.29999,0.9990826,-3.57306,90.49,TRUE,0.431,TRUE,3,11,FALSE,,,,,,
3,C10,138,ACTIN,1.559,Amp,UNKNOWN,16.167,16.129,0.053,431300.78,441958.88,15072.822,36.29999,0.9990826,-3.57306,90.49,TRUE,0.431,TRUE,3,10,FALSE,,,,,,
3,C11,149,ACTIN,1.556,Amp,UNKNOWN,16.14,16.146,0.008,438785.8,437202.12,2239.654,36.29999,0.9990826,-3.57306,90.49,TRUE,0.431,TRUE,3,10,FALSE,,,,,,
3,D1,84,ACTIN,1.556,Amp,UNKNOWN,16.908,16.873,0.049,267498.6,273646.44,8694.351,36.29999,0.9990826,-3.57306,90.49,TRUE,0.431,TRUE,3,12,FALSE,,,,,,
3,D2,148,ACTIN,1.557,Amp,UNKNOWN,16.746,16.587,0.226,296848.97,330789.62,47999.31,36.29999,0.9990826,-3.57306,90.49,TRUE,0.431,TRUE,3,10,FALSE,,,,,,
3,D3,120,ACTIN,1.545,Amp,UNKNOWN,16.791,16.667,0.175,288510.6,313475.3,35305.457,36.29999,0.9990826,-3.57306,90.49,TRUE,0.431,TRUE,3,10,FALSE,,,,,,
3,D4,92,ACTIN,1.557,Amp,UNKNOWN,16.397,16.367,0.043,371764.38,379150.06,10444.939,36.29999,0.9990826,-3.57306,90.49,TRUE,0.431,TRUE,3,10,FALSE,,,,,,
3,D5,100,ACTIN,1.567,Amp,UNKNOWN,16.917,16.874,0.06,265989.75,273413.3,10498.503,36.29999,0.9990826,-3.57306,90.49,TRUE,0.431,TRUE,3,11,FALSE,,,,,,
3,D6,91,ACTIN,1.559,Amp,UNKNOWN,16.953,16.729,0.318,259778.62,303384.16,61667.527,36.29999,0.9990826,-3.57306,90.49,TRUE,0.431,TRUE,3,11,FALSE,,,,,,
3,D7,139,ACTIN,1.563,Amp,UNKNOWN,16.128,16.161,0.047,442129.94,432949.7,12982.849,36.29999,0.9990826,-3.57306,90.49,TRUE,0.431,TRUE,3,10,FALSE,,,,,,
3,D8,181,ACTIN,1.563,Amp,UNKNOWN,16.654,16.629,0.035,315100.06,320226.16,7249.386,36.29999,0.9990826,-3.57306,90.49,TRUE,0.431,TRUE,3,10,FALSE,,,,,,
3,D9,147,ACTIN,1.56,Amp,UNKNOWN,16.389,16.4,0.016,373805.7,371112.62,3808.596,36.29999,0.9990826,-3.57306,90.49,TRUE,0.431,TRUE,3,10,FALSE,,,,,,
3,D10,138,ACTIN,1.565,Amp,UNKNOWN,16.092,16.129,0.053,452616.97,441958.88,15072.822,36.29999,0.9990826,-3.57306,90.49,TRUE,0.431,TRUE,3,10,FALSE,,,,,,
3,D11,149,ACTIN,1.556,Amp,UNKNOWN,16.151,16.146,0.008,435618.47,437202.12,2239.654,36.29999,0.9990826,-3.57306,90.49,TRUE,0.431,TRUE,3,10,FALSE,,,,,,
3,E1,90,DWV,1.455,Amp,UNKNOWN,15.477,16.813,1.889,426725,251435.56,247896.72,35.57592,0.9939175,-3.569952,90.6,TRUE,0.151,TRUE,3,11,FALSE,,,,,,
3,E2,174,DWV,1.311,Amp,UNKNOWN,23.126,22.854,0.385,3071.8638,3717.262,912.732,35.57592,0.9939175,-3.569952,90.6,TRUE,0.151,TRUE,3,18,FALSE,,,,,,
3,E3,101,DWV,1.433,Amp,UNKNOWN,27.165,27.062,0.145,227.02385,243.093,22.726,35.57592,0.9939175,-3.569952,90.6,TRUE,0.151,TRUE,3,22,FALSE,,,,,,
3,E4,107,DWV,1.457,Amp,UNKNOWN,17.82,17.884,0.091,94109.01,90379.91,5273.752,35.57592,0.9939175,-3.569952,90.6,TRUE,0.151,TRUE,3,13,FALSE,,,,,,
3,E5,151,DWV,1.46,Amp,UNKNOWN,16.9,16.899,0.001,170336.14,170436.05,141.294,35.57592,0.9939175,-3.569952,90.6,TRUE,0.151,TRUE,3,12,FALSE,,,,,,
3,E6,128,DWV,1.451,Amp,UNKNOWN,22.748,22.755,0.01,3920.6536,3903.261,24.596,35.57592,0.9939175,-3.569952,90.6,TRUE,0.151,TRUE,3,18,FALSE,,,,,,
3,E7,161,DWV,1.452,Amp,UNKNOWN,17.993,17.956,0.052,84189.75,86232.46,2888.828,35.57592,0.9939175,-3.569952,90.6,TRUE,0.151,TRUE,3,13,FALSE,,,,,,
3,E8,86,DWV,1.459,Amp,UNKNOWN,23.814,23.786,0.039,1971.228,2007.324,51.047,35.57592,0.9939175,-3.569952,90.6,TRUE,0.151,TRUE,3,19,FALSE,,,,,,
3,E9,126,DWV,1.45,Amp,UNKNOWN,26.196,26.103,0.131,424.19614,451.158,38.13,35.57592,0.9939175,-3.569952,90.6,TRUE,0.151,TRUE,3,21,FALSE,,,,,,
3,E10,162,DWV,1.449,Amp,UNKNOWN,17.528,17.488,0.056,113643.93,116648.664,4249.335,35.57592,0.9939175,-3.569952,90.6,TRUE,0.151,TRUE,3,13,FALSE,,,,,,
3,E11,153,DWV,1.44,Amp,UNKNOWN,15.747,15.766,0.026,358373.03,354174.03,5938.259,35.57592,0.9939175,-3.569952,90.6,TRUE,0.151,TRUE,3,11,FALSE,,,,,,
3,E12,144,DWV,1.439,Amp,UNKNOWN,10.883,10.884,0.001,8256429,8254530,2685.544,35.57592,0.9939175,-3.569952,90.6,TRUE,0.151,TRUE,3,6,FALSE,,,,,,
3,F1,90,DWV,1.382,Amp,UNKNOWN,18.149,16.813,1.889,76146.1,251435.56,247896.72,35.57592,0.9939175,-3.569952,90.6,TRUE,0.151,TRUE,3,12,FALSE,,,,,,
3,F2,174,DWV,1.45,Amp,UNKNOWN,22.582,22.854,0.385,4362.661,3717.262,912.732,35.57592,0.9939175,-3.569952,90.6,TRUE,0.151,TRUE,3,18,FALSE,,,,,,
3,F3,101,DWV,1.415,Amp,UNKNOWN,26.96,27.062,0.145,259.16312,243.093,22.726,35.57592,0.9939175,-3.569952,90.6,TRUE,0.151,TRUE,3,21,FALSE,,,,,,
3,F4,107,DWV,1.429,Amp,UNKNOWN,17.948,17.884,0.091,86650.8,90379.91,5273.752,35.57592,0.9939175,-3.569952,90.6,TRUE,0.151,TRUE,3,13,FALSE,,,,,,
3,F5,151,DWV,1.426,Amp,UNKNOWN,16.899,16.899,0.001,170535.95,170436.05,141.294,35.57592,0.9939175,-3.569952,90.6,TRUE,0.151,TRUE,3,12,FALSE,,,,,,
3,F6,128,DWV,1.452,Amp,UNKNOWN,22.762,22.755,0.01,3885.8691,3903.261,24.596,35.57592,0.9939175,-3.569952,90.6,TRUE,0.151,TRUE,3,17,FALSE,,,,,,
3,F7,161,DWV,1.453,Amp,UNKNOWN,17.92,17.956,0.052,88275.17,86232.46,2888.828,35.57592,0.9939175,-3.569952,90.6,TRUE,0.151,TRUE,3,13,FALSE,,,,,,
3,F8,86,DWV,1.456,Amp,UNKNOWN,23.758,23.786,0.039,2043.4196,2007.324,51.047,35.57592,0.9939175,-3.569952,90.6,TRUE,0.151,TRUE,3,19,FALSE,,,,,,
3,F9,126,DWV,1.445,Amp,UNKNOWN,26.01,26.103,0.131,478.12015,451.158,38.13,35.57592,0.9939175,-3.569952,90.6,TRUE,0.151,TRUE,3,21,FALSE,,,,,,
3,F10,162,DWV,1.447,Amp,UNKNOWN,17.448,17.488,0.056,119653.4,116648.664,4249.335,35.57592,0.9939175,-3.569952,90.6,TRUE,0.151,TRUE,3,13,FALSE,,,,,,
3,F11,153,DWV,1.441,Amp,UNKNOWN,15.784,15.766,0.026,349975.06,354174.03,5938.259,35.57592,0.9939175,-3.569952,90.6,TRUE,0.151,TRUE,3,11,FALSE,,,,,,
3,F12,144,DWV,1.437,Amp,UNKNOWN,10.884,10.884,0.001,8252631,8254530,2685.544,35.57592,0.9939175,-3.569952,90.6,TRUE,0.151,TRUE,3,6,FALSE,,,,,,
3,G1,90,ACTIN,1.56,Amp,UNKNOWN,16.048,16.12,0.103,465575.8,444791.4,29393.57,36.29999,0.9990826,-3.57306,90.49,TRUE,0.431,TRUE,3,10,FALSE,,,,,,
3,G2,174,ACTIN,1.458,Amp,UNKNOWN,16.712,16.486,0.321,303403.34,354929.44,72868.914,36.29999,0.9990826,-3.57306,90.49,TRUE,0.431,TRUE,3,10,FALSE,,,,,,
3,G3,101,ACTIN,1.553,Amp,UNKNOWN,16.409,16.385,0.034,368911.66,374630.34,8087.443,36.29999,0.9990826,-3.57306,90.49,TRUE,0.431,TRUE,3,10,FALSE,,,,,,
3,G4,107,ACTIN,1.56,Amp,UNKNOWN,16.511,16.505,0.008,345462.75,346698.34,1747.405,36.29999,0.9990826,-3.57306,90.49,TRUE,0.431,TRUE,3,10,FALSE,,,,,,
3,G5,151,ACTIN,1.556,Amp,UNKNOWN,16.382,16.393,0.014,375281.2,372837.47,3455.928,36.29999,0.9990826,-3.57306,90.49,TRUE,0.431,TRUE,3,10,FALSE,,,,,,
3,G6,128,ACTIN,1.557,Amp,UNKNOWN,16.374,16.45,0.108,377380.78,359683.03,25028.396,36.29999,0.9990826,-3.57306,90.49,TRUE,0.431,TRUE,3,10,FALSE,,,,,,
3,G7,161,ACTIN,1.551,Amp,UNKNOWN,16.31,16.251,0.083,393340.1,408845.1,21927.365,36.29999,0.9990826,-3.57306,90.49,TRUE,0.431,TRUE,3,10,FALSE,,,,,,
3,G8,86,ACTIN,1.553,Amp,UNKNOWN,16.316,16.311,0.007,391789.78,393077.6,1821.276,36.29999,0.9990826,-3.57306,90.49,TRUE,0.431,TRUE,3,10,FALSE,,,,,,
3,G9,126,ACTIN,1.553,Amp,UNKNOWN,16.46,16.495,0.05,356979.6,349030.53,11241.676,36.29999,0.9990826,-3.57306,90.49,TRUE,0.431,TRUE,3,10,FALSE,,,,,,
3,G10,162,ACTIN,1.559,Amp,UNKNOWN,16.075,16.032,0.062,457393.66,470689.94,18803.805,36.29999,0.9990826,-3.57306,90.49,TRUE,0.431,TRUE,3,10,FALSE,,,,,,
3,G11,153,ACTIN,1.551,Amp,UNKNOWN,16.601,16.606,0.007,326073.25,325022.2,1486.458,36.29999,0.9990826,-3.57306,90.49,TRUE,0.431,TRUE,3,11,FALSE,,,,,,
3,G12,144,ACTIN,1.54,Amp,UNKNOWN,16.663,16.723,0.085,313166,301520.97,16468.578,36.29999,0.9990826,-3.57306,90.49,TRUE,0.431,TRUE,3,10,FALSE,,,,,,
3,H1,90,ACTIN,1.552,Amp,UNKNOWN,16.193,16.12,0.103,424007,444791.4,29393.57,36.29999,0.9990826,-3.57306,90.49,TRUE,0.431,TRUE,3,9,FALSE,,,,,,
3,H2,174,ACTIN,1.552,Amp,UNKNOWN,16.259,16.486,0.321,406455.53,354929.44,72868.914,36.29999,0.9990826,-3.57306,90.49,TRUE,0.431,TRUE,3,10,FALSE,,,,,,
3,H3,101,ACTIN,1.555,Amp,UNKNOWN,16.362,16.385,0.034,380349.03,374630.34,8087.443,36.29999,0.9990826,-3.57306,90.49,TRUE,0.431,TRUE,3,10,FALSE,,,,,,
3,H4,107,ACTIN,1.559,Amp,UNKNOWN,16.5,16.505,0.008,347933.97,346698.34,1747.405,36.29999,0.9990826,-3.57306,90.49,TRUE,0.431,TRUE,3,10,FALSE,,,,,,
3,H5,151,ACTIN,1.555,Amp,UNKNOWN,16.403,16.393,0.014,370393.78,372837.47,3455.928,36.29999,0.9990826,-3.57306,90.49,TRUE,0.431,TRUE,3,10,FALSE,,,,,,
3,H6,128,ACTIN,1.554,Amp,UNKNOWN,16.527,16.45,0.108,341985.28,359683.03,25028.396,36.29999,0.9990826,-3.57306,90.49,TRUE,0.431,TRUE,3,10,FALSE,,,,,,
3,H7,161,ACTIN,1.561,Amp,UNKNOWN,16.192,16.251,0.083,424350.1,408845.1,21927.365,36.29999,0.9990826,-3.57306,90.49,TRUE,0.431,TRUE,3,10,FALSE,,,,,,
3,H8,86,ACTIN,1.549,Amp,UNKNOWN,16.306,16.311,0.007,394365.44,393077.6,1821.276,36.29999,0.9990826,-3.57306,90.49,TRUE,0.431,TRUE,3,10,FALSE,,,,,,
3,H9,126,ACTIN,1.557,Amp,UNKNOWN,16.531,16.495,0.05,341081.47,349030.53,11241.676,36.29999,0.9990826,-3.57306,90.49,TRUE,0.431,TRUE,3,10,FALSE,,,,,,
3,H10,162,ACTIN,1.558,Amp,UNKNOWN,15.988,16.032,0.062,483986.25,470689.94,18803.805,36.29999,0.9990826,-3.57306,90.49,TRUE,0.431,TRUE,3,10,FALSE,,,,,,
3,H11,153,ACTIN,1.548,Amp,UNKNOWN,16.611,16.606,0.007,323971.1,325022.2,1486.458,36.29999,0.9990826,-3.57306,90.49,TRUE,0.431,TRUE,3,10,FALSE,,,,,,
3,H12,144,ACTIN,1.543,Amp,UNKNOWN,16.783,16.723,0.085,289875.9,301520.97,16468.578,36.29999,0.9990826,-3.57306,90.49,TRUE,0.431,TRUE,3,10,FALSE,,,,,,