Plate,Sample ID,# of Bees (RNA),# of Mites,# of Bees,# of Mites,% Infestation,Concentration (µg),RNA vol,Water vol,Equalization (µg),RPS5 Cq,RPS5 SD,,DWV-A Cq,DWV-A SD,Log10Copies,lab_ID,yard,Copies/uL,Copies/uL DWV-A,,DWV-B Cq,DWV-B SD,Log10Copies,Copies/uL,Copies/uL DWV-B,,BQCV Cq,BQCV SD,Log10Copies,Copies/uL,Copies/uL BQCV,,IAPV Cq,IAPV SD,Log10Copies,Copies/uL,Copies/uL IAPV,,SBV Cq,SBV SD,Log10Copies,Copies/uL,Copies/uL SBV,,CBPV Cq,CBPV SD,Log10Copies,Copies/uL,Copies/uL CBPV,,LSV Cq,LSV SD,Log10Copies,Copies/uL,Copies/uL LSV
1,A1,50,0,9,0,0,877.7,5.7,94.3,50,17.5,0.033,,28.6,0.003,2.063,,,115.565,116,,22.9,0.173,5.304,201471.756,201472,,27.5,0.202,3.835,6841.73,6842,,33.5,0,1.482,30.355,0,,26.1,0.512,3.675,4733.647,4734,,32.8,0.276,0.708,5.104,0,,11.6,0.416,8.400409011,251425319.9,251425320
,A2,50,1,9,0,1.695,1237.6,4,96,50.9,18.1,0.13,,26.3,0.187,2.665,,,462.432,462,,18.6,0.303,6.538,3454861.31,3454861,,18.8,0.071,6.516,3282954.863,3282955,,32.1,1.368,1.866,73.411,0,,34.3,0,1.175,14.962,0,,40,0,-1.496,0.032,0,,15.6,0.093,7.231198298,17029358.86,17029359
,A3,50,1,8,0,1.724,1479.2,3.4,96.6,49.7,18.1,0.294,,24.3,0.164,3.173,,,1488.308,1488,,18,0.115,6.711,5140790.822,5140791,,23.6,0.26,5.044,110586.561,110587,,35.6,0.902,0.895,7.856,0,,36,0.52,0.678,4.762,0,,33.5,0,0.493,3.112,0,,15.2,0.321,7.363202246,23078216.66,23078217
,A4,50,5,12,2,11.29,705.6,7.1,92.9,49.9,18.1,0.161,,13.5,0.064,5.998,,,994702.153,994702,,10.1,0.486,9.002,1003580366.477,1003580366,,15.2,0.276,7.624,42090697.553,42090698,,34.6,1.228,1.172,14.872,0,,40,0,-0.544,0.286,0,,33.1,0,0.628,4.245,0,,33.9,0.668,1.942943922,87.68875871,0
,A5,50,0,8,0,0,737.1,6.8,93.2,50,17.8,0.181,,21.2,0.056,3.981,,,9562.676,9563,,23.5,0.43,5.133,135691.011,135691,,25.1,0.328,4.583,38290.111,38290,,34.4,0.658,1.225,16.769,0,,40,0,-0.544,0.286,0,,40,0,-1.496,0.032,0,,32.6,0,2.324148291,210.9348268,0
,A6,50,7,13,2,14.286,810.2,6.2,93.8,49.8,17.9,0.102,,15.5,0.151,5.475,,,298429.868,298430,,11.2,0.469,8.699,500510861.668,500510862,,23.9,0.124,4.949,88948.92,88949,,33.3,0.72,1.529,33.785,0,,24.5,0.175,4.16,14470.012,14470,,34,0,0.355,2.263,0,,14.7,0.046,7.496669862,31381222.77,31381223
,A7,50,2,9,3,8.475,2041.4,2.4,97.6,49.8,17.7,0.134,,14.8,0.021,5.651,,,448174.296,448174,,10.6,0.346,8.87,742132298.244,742132298,,16.5,0.168,7.226,16813903.24,16813903,,33.9,1.68,1.355,22.661,0,,29.9,0.295,2.513,325.829,326,,34.2,0,0.285,1.928,0,,35.1,0,1.603412154,40.12473285,0
,A8,50,12,11,1,21.311,2550.5,2,98,50.7,17.7,0.157,,24.5,0.095,3.127,,,1340.773,1341,,19.8,0.152,6.208,1613477.944,1613478,,24.5,0.519,4.774,59365.252,59365,,35.4,2.755,0.944,8.782,0,,33.7,0,1.373,23.583,0,,40,0,-1.496,0.032,0,,29.9,0.834,3.108811012,1284.727476,1285
,A9,50,0,12,1,1.613,132.8,37.6,62.4,49,18.9,0.193,,27.5,0.042,2.352,,,224.967,225,,21.9,0.111,5.607,404121.669,404122,,26.2,0.024,4.233,17102.675,17103,,32.5,0.523,1.758,57.279,0,,37,0,0.368,2.336,0,,35.3,0,-0.07,0.851,0,,28.7,0.134,3.449911087,2817.805985,2818
,A10,50,4,8,0,6.897,1493.8,3.3,96.7,49.1,19.2,0.18,,14.2,0.424,5.804,,,636214.275,636214,,10.5,0.035,8.894,783100603.695,783100604,,13.3,0.002,8.198,157747560.898,157747561,,34.8,0.909,1.115,13.045,0,,34.9,0.745,1.018,10.432,0,,33.7,0,0.429,2.687,0,,40,0,0.176555716,1.501605037,0
,A11,50,11,8,4,25.862,2432.7,2.1,97.9,49.9,18.9,0.248,,18.8,0.056,4.616,,,41322.464,41322,,10.2,0.479,8.963,917962311.318,917962311,,11.9,0.113,8.63,426990545.076,426990545,,33.5,0.499,1.48,30.196,0,,25.6,0.368,3.825,6683.785,6684,,33.6,0,0.454,2.843,0,,33.2,0,2.137712615,137.3133032,0
,A12,50,4,11,1,8.197,2318,2.2,97.8,51,18.9,0.231,,17.2,0.275,5.027,,,106394.271,106394,,12.4,0.113,8.344,221000975.758,221000976,,14.9,0.09,7.716,51949075.202,51949075,,34.2,0.212,1.28,19.063,0,,36,0.686,0.665,4.627,0,,40,0,-1.496,0.032,0,,37.1,0,1.025472469,10.60406715,0
,A13,50,4,10,0,6.667,379.7,13.2,86.8,49.2,18.8,0.168,,27.5,0.006,2.353,,,225.39,225,,9.1,0.357,9.304,2013251802.908,2013251803,,10.6,0.27,9.027,1064507404.329,1064507404,,33.9,0,1.369,23.374,0,,37.7,0,0.161,1.448,0,,40,0,-1.496,0.032,0,,32.3,0.825,2.415360926,260.232136,0
,A14,50,0,12,2,3.226,2232.1,2.2,97.8,49,18.6,0.106,,27,0.112,2.479,,,301.252,301,,23.4,0.136,5.167,147026.074,147026,,16.5,0.162,7.224,16746157.282,16746157,,40,0,-0.348,0.449,0,,40,0,-0.544,0.286,0,,40,0,-1.496,0.032,0,,15.7,0.008,7.220946598,16632081.25,16632081
,A15,50,5,8,2,12.069,2921.2,1.7,98.3,49.6,18.7,0.355,,11.8,0.046,6.437,,,2734662.149,2734662,,9.3,0.312,9.231,1701771960.395,1701771960,,12.3,0.428,8.496,313572406.666,313572407,,34.4,1.381,1.224,16.767,0,,26.6,0.109,3.539,3460.899,3461,,32.4,0.425,0.831,6.783,0,,40,0,0.176555716,1.501605037,0
,A16,50,1,10,1,3.333,1897.7,2.6,97.4,50.4,18.9,0.132,,16.2,0.096,5.273,,,187609.403,187609,,13.7,0.308,7.96,91165300.366,91165300,,24.3,0.085,4.831,67817.383,67817,,34.4,0,1.228,16.886,0,,40,0,-0.544,0.286,0,,40,0,-1.496,0.032,0,,15.3,0.056,7.329522246,21356114.78,21356115
,A17,50,2,12,0,3.226,2449.8,2,98,50.1,17.9,0.022,,27.9,0.122,2.241,,,174.178,174,,10,0.278,9.031,1074082290.93,1074082291,,23,0.291,5.239,173327.793,173328,,33.8,0.778,1.398,25.013,0,,40,0,-0.544,0.286,0,,40,0,-1.496,0.032,0,,33.8,0,1.963825411,92.00796207,0
,A18,50,2,10,0,3.333,536,9.3,90.7,50.2,17.4,0.256,,27.6,0.349,2.328,,,212.646,213,,13.2,0.272,8.119,131585720.044,131585720,,19.5,0.244,6.299,1992953.097,1992953,,32.2,0,1.829,67.416,0,,37.4,0,0.25,1.777,0,,30.5,0.178,1.419,26.258,26,,14.3,0.057,7.627164691,42380364.88,42380365
,A19,50,5,6,0,8.929,2343.2,2.1,97.9,50.6,18.3,0.049,,26.2,0.231,2.678,,,476.47,476,,13,0.153,8.157,143552674.06,143552674,,15.1,0.163,7.642,43838168.36,43838168,,33.7,0.139,1.415,25.989,0,,30.3,0.543,2.406,254.831,255,,40,0,-1.496,0.032,0,,21.5,0.044,5.531168214,339756.8442,339757
,A20,50,13,17,2,22.388,1780.1,2.8,97.2,50.4,18,0.051,,13,0.444,6.12,,,1319408.034,1319408,,12.3,0.007,8.358,228075349.371,228075349,,13.1,0.129,8.259,181505473.728,181505474,,33.7,0,1.405,25.392,0,,26.8,0.292,3.475,2986.91,2987,,40,0,-1.496,0.032,0,,31.6,0.175,2.600754523,398.7994249,399
,A21,50,5,5,0,9.091,2516.5,2,98,49.5,18.1,0.079,,28.4,0.015,2.114,,,129.91,130,,13.2,0.539,8.105,127449397.21,127449397,,14.7,0,7.771,59023813.048,59023813,,35,0.275,1.039,10.935,0,,32.7,0.594,1.664,46.103,0,,33.1,0,0.63,4.264,0,,33,0,2.195322883,156.7916329,0
,A22,50,4,12,0,6.452,2399.8,2.1,97.9,51,17.7,0.158,,27.7,0.015,2.3,,,199.643,200,,22.2,0.051,5.495,312906.857,312907,,22.9,0.428,5.246,176085.386,176085,,35.9,3.22,0.8,6.308,0,,35.8,3.224,0.726,5.317,0,,33.8,0,0.388,2.443,0,,30.3,0.115,2.987925598,972.5805896,973
,A23,50,1,8,2,5.172,2104.5,2.4,97.6,51,17.7,0.125,,27.4,0.265,2.38,,,239.728,240,,19.6,0.042,6.262,1829451.36,1829451,,15.6,0.143,7.495,31273256.078,31273256,,33.9,0.423,1.368,23.31,0,,35.8,0,0.72,5.244,0,,40,0,-1.496,0.032,0,,34,0,1.92138089,83.44126706,0
,A24,50,3,16,1,6.061,2921.3,1.7,98.3,49.5,18,0.48,,28.3,0.13,2.136,,,136.852,137,,15.8,0.011,7.365,23194067.913,23194068,,21.4,0.289,5.706,508309.769,508310,,34.5,0.903,1.182,15.197,0,,32.5,0.457,1.729,53.546,0,,40,0,-1.496,0.032,0,,30.7,0.134,2.875502268,750.7619748,751
,A25,50,6,6,0,10.714,1834,2.7,97.3,49.4,16.9,0.311,,16.4,0.084,5.242,,,174536.594,174537,,13.9,0.532,7.917,82617950.237,82617950,,23,0.206,5.211,162568.056,162568,,33.2,0,1.554,35.833,0,,40,0,-0.544,0.286,0,,33.6,0,0.466,2.923,0,,34.3,0.185,1.817262943,65.65426488,0
,A26,50,2,9,0,3.39,2141.6,2.3,97.7,50.1,17.5,0.133,,28.4,0.046,2.117,,,131.065,131,,11,0.17,8.738,547048543.864,547048544,,26.7,0.178,4.08,12026.433,12026,,36.4,1.945,0.654,4.506,0,,40,0,-0.544,0.286,0,,33.6,0,0.471,2.96,0,,33.2,0,2.13275083,135.7534358,0
,A27,50,18,9,2,33.898,1807.3,2.8,97.2,50.5,17.9,0.174,,10.3,0.167,6.807,,,6408675.608,6408676,,8.7,0.28,9.408,2560096111.651,2560096112,,18.1,0.15,6.727,5331391.766,5331392,,33.8,0,1.398,25.018,0,,37.4,0,0.252,1.787,0,,40,0,-1.496,0.032,0,,15.4,0.055,7.290243873,19509398.19,19509398
,A28,50,3,9,0,5.085,1552.2,3.2,96.8,49.5,17.3,0.016,,15.5,0.021,5.456,,,285993.694,285994,,14.7,0.148,7.689,48916409.977,48916410,,23.3,0.031,5.145,139605.912,139606,,34.1,0.986,1.298,19.86,0,,30.6,0.103,2.323,210.177,210,,33.7,0,0.425,2.659,0,,14,0.045,7.710200025,51309764.88,51309765
,A29,50,2,8,0,3.448,1614.4,3.1,96.9,49.5,17,0.287,,16.2,0.406,5.291,,,195534.394,195534,,14.7,0.091,7.69,48945034.857,48945035,,21.6,0.171,5.641,437867.496,437867,,34.4,0,1.217,16.463,0,,33.7,0,1.377,23.833,0,,36.8,4.119,-0.523,0.3,0,,15,0.227,7.411594303,25798490.96,25798491
,A30,50,8,5,1,16.364,180.4,13.9,36.1,49.8,18.5,0.092,,16.3,0.167,5.256,,,180267.299,180267,,9.1,0.454,9.283,1916952599.969,1916952600,,16,0.116,7.366,23246432.292,23246432,,33.7,0.731,1.411,25.739,0,,39.5,0,-0.382,0.415,0,,40,0,-1.496,0.032,0,,14.9,0.072,7.428681204,26833739.79,26833740
,A31,50,2,6,2,7.143,1596,3.1,96.9,51,17.4,0.122,,15.4,0.072,5.483,,,303850.662,303851,,12.8,0.104,8.229,169408988.093,169408988,,24.6,0.095,4.728,53431.852,53432,,40,0,-0.348,0.449,0,,40,0,-0.544,0.286,0,,32.6,1.748,0.774,5.938,0,,14.1,0.151,7.683103444,48206260.61,48206261
,A32,50,18,7,1,33.333,916.3,5.5,94.5,50.2,16.9,0.21,,12.6,0.186,6.208,,,1616153.332,1616153,,12.6,0.15,8.279,189966910.324,189966910,,25,0.161,4.612,40893.496,40893,,34,0.376,1.336,21.667,0,,34.1,0.905,1.262,18.264,0,,33.7,0,0.433,2.709,0,,30.9,0.041,2.810076976,645.7686774,646
,A33,50,7,8,0,12.069,2000.1,2.5,97.5,50.5,17.1,0.477,,14.4,0.013,5.764,,,580971.076,580971,,10.7,0.162,8.828,673103587.265,673103587,,21.9,0.089,5.553,357468.919,357469,,34.8,0,1.118,13.134,0,,40,0,-0.544,0.286,0,,40,0,-1.496,0.032,0,,14.2,0.364,7.649347175,44601264.87,44601265
,A34,50,9,10,1,16.667,1660.6,3,97,49.6,17.7,0.234,,13.7,0.075,5.938,,,867142.372,867142,,9,0.579,9.322,2097564821.17,2097564821,,21.7,0.044,5.611,408261.423,408261,,30.9,0.638,2.209,161.963,162,,34.1,0,1.256,18.045,0,,32.8,0,0.7,5.007,0,,31.6,0.309,2.60222773,400.1545233,400
,A35,50,17,9,3,33.898,2318.6,2.2,97.8,51,17.8,0.032,,12.8,0.018,6.178,,,1504940.589,1504941,,9.7,0.12,9.114,1299894957.665,1299894958,,26,0.081,4.316,20682.308,20682,,33.6,0.995,1.448,28.025,0,,40,0,-0.544,0.286,0,,40,0,-1.496,0.032,0,,32.8,0.745,2.248959775,177.402516,0
,A36,50,5,7,2,12.281,1527.7,3.3,96.7,49.2,18.2,0.177,,17.4,0.141,4.967,,,92680.066,92680,,9.3,0.186,9.246,1762240421.814,1762240422,,25.2,0.044,4.535,34246.316,34246,,33.3,2.206,1.52,33.132,0,,40,0,-0.544,0.286,0,,37,0,-0.572,0.268,0,,31.5,1.128,2.639565664,436.0794924,436
,A37,50,1,8,2,5.172,288.7,17.3,82.7,49.5,16.7,0.158,,13.1,0.296,6.094,,,1241458.982,1241459,,11.9,0.305,8.495,312888153.289,312888153,,26.2,0.064,4.25,17798.599,17799,,34.1,1.172,1.291,19.543,0,,40,0,-0.544,0.286,0,,32.7,0,0.734,5.422,0,,33.6,0,2.035831583,108.6004395,0
,A38,50,2,6,2,7.143,612.5,8.2,91.8,50.8,17.8,0.328,,14.1,0.558,5.824,,,667017.425,667017,,10,0.177,9.046,1112967030.114,1112967030,,25.2,0.902,4.561,36398.479,36398,,33.7,0,1.412,25.813,0,,40,0,-0.544,0.286,0,,40,0,-1.496,0.032,0,,25.3,0.313,4.443880675,27789.49631,27789
,A39,50,5,9,1,10.169,643.9,7.8,92.2,50.7,17.7,0.277,,14,0.388,5.866,,,734399.71,734400,,12.2,0.059,8.41,256956666.322,256956666,,27.9,0.479,3.712,5157.505,5158,,34.9,0.221,1.08,12.017,0,,40,0,-0.544,0.286,0,,40,0,-1.496,0.032,0,,32.5,0.211,2.343729189,220.6628328,0
,B1,50,0,6,0,0,288.5,17.3,82.7,49.1,17.9,0.073,,11.7,0.166,6.443,,,2774819.51,2774820,,11.1,0.232,8.723,528162990.058,528162990,,15.6,0.161,7.481,30244009.12,30244009,,34,,1.337,21.727,0,,25.8,0.273,3.778,5998.304,5998,,10.2,0.02,7.621,41776546.989,41776547,,29.8,0.365,3.132475616,1356.674355,1357
,B2,50,1,6,0,1.786,810.7,6.2,93.8,51,17.4,0.178,,21.5,0.163,3.911,,,8153.848,8154,,13,0.104,8.176,149850907.782,149850908,,22.5,0.336,5.367,232779.376,232779,,31.7,0.217,1.979,95.197,95,,23.6,1.212,4.455,28498.354,28498,,13.3,0.803,6.685,4841511.498,4841511,,25.8,0.1,4.297765165,19850.21269,19850
,B3,38,0,0,0,0,666.1,7.5,92.5,49.7,17.6,0.125,,12.9,0.303,6.13,,,1348884.29,1348884,,12.8,0.183,8.222,166544196.954,166544197,,13.2,0.293,8.24,173656602.742,173656603,,33.5,0.137,1.459,28.796,0,,24.2,0.458,4.249,17722.421,17722,,8.1,0.639,8.251,178281249.518,178281250,,27.1,0.209,3.91521506,8226.499204,8226
,B4,50,2,5,0,3.636,626.9,8,92,49.5,17.4,0.343,,12.9,0.078,6.14,,,1381070.496,1381070,,11.6,0.039,8.574,375052213.787,375052214,,18.8,0.202,6.525,3346606.23,3346606,,33,0.323,1.599,39.689,0,,31.8,0.108,1.944,87.817,88,,9.7,0.518,7.761,57696232.667,57696233,,14.7,0.264,7.488738905,30813349.17,30813349
,B5,50,0,6,0,0,1220.1,4.1,95.9,49.6,17.5,0.282,,20.9,0.105,4.075,,,11886.699,11887,,15.4,0.017,7.478,30084540.294,30084540,,22.7,0.099,5.329,213265.478,213265,,34.4,1.286,1.207,16.117,0,,39.5,0,-0.405,0.393,0,,22.4,0.343,3.883,7636.521,7637,,32.1,1.531,2.471544231,296.1721591,0
,J1,50,2,7,0,3.509,619.9,8.1,91.9,49.1,17.8,0.191,,26.3,0.031,2.651,,,447.871,448,,18.1,0.45,6.708,5102356.392,5102356,,17,0.307,7.064,11598108.966,11598109,,34.8,0,1.116,13.071,0,,35.9,0.591,0.716,5.197,0,,33.6,0,0.454,2.847,0,,30.9,0.512,2.82181134,663.4547996,663
,J2,50,0,7,0,0,731.4,6.8,93.2,50.4,18.1,0.109,,28.3,0.278,2.132,,,135.486,135,,24.9,0.066,4.725,53148.315,53148,,19.2,0.01,6.377,2383705.375,2383705,,35.5,0,0.91,8.13,0,,37.3,1.355,0.288,1.939,0,,32.1,0.296,0.918,8.281,0,,37.3,0,0.951841907,8.950388911,0
,J3,50,0,12,0,0,2399.5,2.1,97.9,51,17.8,0.146,,28.5,0.111,2.092,,,123.566,124,,26,0.176,4.407,25505.753,25506,,24.1,0.205,4.897,78874.62,78875,,34.9,0.191,1.087,12.228,0,,25.1,0.305,3.993,9832.902,9833,,33,1.172,0.637,4.332,0,,26,0.235,4.236625745,17243.51284,17244
,J4,50,0,3,0,0,1681.7,3,97,49,18.1,0.368,,27.2,0.036,2.425,,,266.262,266,,25.2,0.24,4.657,45388.085,45388,,21.7,0.088,5.616,413372.295,413372,,34.3,1.997,1.245,17.589,0,,34.8,1.459,1.041,10.985,0,,14.7,0.138,6.247,1767007.065,1767007,,34.9,0,1.641243866,43.7767853,0
,J6,50,0,11,0,0,267.9,18.7,81.3,49.2,16.8,0.117,,28.7,0.043,2.033,,,107.988,108,,25.8,0.027,4.457,28639.635,28640,,15.8,0.268,7.435,27244673.611,27244674,,30.6,3.45,2.297,198.189,198,,24.3,0.196,4.216,16451.324,16451,,32.4,0.629,0.835,6.843,0,,40,0,0.176555716,1.501605037,0
,J7,50,0,5,0,0,392.9,12.7,87.3,49.3,17.4,0.005,,28.7,0.022,2.036,,,108.695,109,,24.7,0.039,4.777,59790.292,59790,,23.1,0.082,5.198,157853.894,157854,,32.9,0.187,1.634,43.014,0,,33.4,0,1.455,28.54,0,,32.7,0,0.735,5.429,0,,40,0,0.176555716,1.501605037,0
,J8,50,0,5,0,0,515.3,9.7,90.3,50.1,17.3,0.217,,27,0.12,2.494,,,312.18,312,,25.5,0.097,4.564,36656.482,36656,,23.8,0.053,4.988,97205.001,97205,,33.8,0.751,1.387,24.367,0,,28.6,0.55,2.924,840.297,840,,33,0.713,0.632,4.287,0,,36.1,1.3,1.310691134,20.44989742,0
,J9,50,0,20,0,0,121,20.7,79.3,32.2,18,0.203,,29.3,0.167,1.897,,,78.884,79,,25.8,0.095,4.473,29740.522,29741,,23.9,0.068,4.956,90464.57,90465,,35.1,0,1.031,10.731,0,,34.2,0.671,1.226,16.826,0,,33.1,0.395,0.621,4.177,0,,19.7,0.086,6.042434312,1102641.444,1102641
,J10,50,0,9,0,0,417.1,12,38,50.3,17,0.102,,28.9,0.217,1.984,,,96.43,96,,26.3,0.062,4.336,21693.969,21694,,18.3,0.088,6.68,4785210.045,4785210,,35.3,0,0.973,9.398,0,,32.1,0.685,1.844,69.84,0,,33.9,0.47,0.368,2.331,0,,30.5,0.362,2.918143979,828.2166909,828
,J11,50,0,5,0,0,335.7,14.9,85.1,50.7,17.2,0.068,,28.9,0.49,1.976,,,94.598,95,,25.6,0.001,4.524,33428.015,33428,,14.2,0.013,7.924,83955509.257,83955509,,35.1,0,1.021,10.492,0,,36.5,2.69,0.518,3.299,0,,32.3,0.044,0.845,7.002,0,,20.4,0.186,5.8587148,722295.3182,722295
,J12,50,0,1,0,0,512.5,9.8,90.2,49,17.2,0.17,,28.6,0.125,2.072,,,118.095,118,,23.6,0.251,5.101,126082.501,126083,,17.5,0.292,6.9,7952286.791,7952287,,34.9,0.196,1.071,11.788,0,,39.7,0,-0.454,0.352,0,,33.1,1.1,0.616,4.126,0,,30.1,0.165,3.041193321,1099.495158,1099
,J13,50,0,17,0,0,1205.3,4.1,95.9,50.4,16.9,0.107,,26.5,0.039,2.607,,,404.723,405,,26,0.041,4.42,26313.57,26314,,15.2,0.365,7.606,40360435.489,40360435,,32.9,0.083,1.644,44.035,0,,38.7,0,-0.16,0.692,0,,31.5,0.221,1.101,12.613,13,,29.5,0.029,3.220068816,1659.849897,1660
,J14,50,2,10,0,3.333,400.8,12.5,87.5,50.2,17,0.154,,28.9,0.63,1.993,,,98.37,98,,24.8,0.126,4.747,55835.352,55835,,24.3,0.048,4.824,66749.481,66749,,30.5,6.174,2.306,202.187,202,,40,0,-0.544,0.286,0,,40,0,-1.496,0.032,0,,33.8,0.828,1.98375709,96.3290085,0
,J15,50,0,7,0,0,568.9,8.8,91.2,49,17.1,0.627,,28.3,0.032,2.149,,,140.767,141,,25.3,0.175,4.609,40653.601,40654,,17.4,0.003,6.945,8815107.721,8815108,,30.2,4.835,2.391,245.905,246,,29.6,0.296,2.607,404.461,404,,33.8,0,0.409,2.567,0,,17.8,0.905,6.600867824,3989034.792,3989035
,J16,50,0,17,1,1.493,1514.5,3.3,96.7,49.4,17.4,0.238,,28.7,0.039,2.042,,,110.143,110,,26.1,0.235,4.388,24411.959,24412,,22.1,0.142,5.499,315750.187,315750,,34.1,1.05,1.296,19.776,0,,36.7,0,0.462,2.9,0,,33.8,0.015,0.407,2.55,0,,27.8,0.04,3.711198615,5142.787916,5143
,J17,50,0,9,0,0,510.2,9.8,90.2,49.8,17.3,0.121,,27.9,0.261,2.242,,,174.596,175,,26.2,0.052,4.348,22296.789,22297,,18.2,0.076,6.705,5073629.729,5073630,,35.3,0,0.977,9.492,0,,30.4,0.161,2.388,244.332,244,,40,0,-1.496,0.032,0,,35,1.21,1.633879724,43.04073947,0
,J18,48,0,1,0,0,84.4,17.8,12.2,49.7,17.2,0.363,,27.6,0.187,2.324,,,210.646,211,,25.4,0.089,4.576,37659.387,37659,,16.3,0.06,7.272,18720889.763,18720890,,33.7,0.36,1.411,25.781,0,,33.2,0.617,1.513,32.572,0,,33.2,0,0.582,3.819,0,,18.1,0.166,6.524102383,3342738.346,3342738
,J19,50,0,9,0,0,117,12.8,17.2,49,16.6,0.076,,29.1,0.309,1.941,,,87.348,87,,26.1,0.086,4.38,23992.916,23993,,22.8,0.188,5.281,191064.168,191064,,29.5,3.749,2.605,402.703,403,,34.6,3.005,1.084,12.122,0,,38.6,0,-1.082,0.083,0,,34.4,0,1.806252876,64.01074416,0
,J20,50,0,7,0,0,504.7,9.9,90.1,50.8,16.9,0.031,,25.3,0.033,2.916,,,824.018,824,,25.1,0.263,4.668,46579.387,46579,,15.5,0.087,7.511,32460263.899,32460264,,33.4,0.466,1.498,31.456,0,,30.3,0.549,2.416,260.389,260,,40,0,-1.496,0.032,0,,19.3,0.516,6.174117333,1493197.772,1493198
,J21,50,1,11,0,1.639,15.4,,,15.4,19.1,0.291,,27.9,0.505,2.256,,,180.416,180,,26,0.073,4.413,25870.32,25870,,25.5,0.082,4.459,28753.022,28753,,33.7,0,1.427,26.713,0,,40,0,-0.544,0.286,0,,30,0.168,1.571,37.27,37,,40,0,0.176555716,1.501605037,0
,J22,50,0,7,0,0,232.6,10.7,39.3,50.2,16.6,0.072,,27.9,0.353,2.236,,,172.351,172,,22.8,0.066,5.34,218966.725,218967,,23.2,0.227,5.176,150092.818,150093,,31.7,1.392,1.975,94.42,94,,39.3,0,-0.345,0.452,0,,33.5,0,0.496,3.13,0,,21.2,0.093,5.620092581,416958.2598,416958
,J23,50,0,12,0,0,198.2,12.6,37.4,49.2,17,0.006,,27.8,0.062,2.264,,,183.733,184,,23.7,0.002,5.073,118396.609,118397,,15.7,0.151,7.472,29680565.167,29680565,,33.6,0.314,1.457,28.617,0,,33.5,0.954,1.433,27.077,0,,32.8,1.215,0.705,5.071,0,,17,0.131,6.826748297,6710398.267,6710398
,J24,50,0,7,0,0,315.5,15.8,84.2,50.1,16.5,0.13,,28.9,0.261,1.984,,,96.451,96,,25.1,0.151,4.678,47688.755,47689,,20.8,0.023,5.895,785220.577,785221,,31.1,2.371,2.148,140.448,140,,37.6,0.072,0.19,1.548,0,,23,0.188,3.708,5105.131,5105,,40,0,0.176555716,1.501605037,0
,J25,50,0,6,0,0,45,,,45,16.9,0.586,,28.9,0.364,1.981,,,95.616,96,,26.1,0.014,4.395,24817.664,24818,,24.5,0.029,4.774,59416.305,59416,,33.7,0.342,1.404,25.364,0,,36.5,1.148,0.506,3.203,0,,38.8,0,-1.115,0.077,0,,39.1,0,0.42570398,2.665041523,0
,J26,50,0,9,1,1.695,878.3,5.7,94.3,50.2,17.4,0.046,,27.7,0.045,2.29,,,195.075,195,,24.9,0.168,4.737,54533.128,54533,,15.1,0.257,7.635,43159061.775,43159062,,35.2,0,0.987,9.697,0,,24.1,0.19,4.289,19447.208,19447,,40,0,-1.496,0.032,0,,34.5,0.249,1.76702624,58.4825418,0
,J27,50,0,10,0,0,207.8,12,38,50.4,16.7,0.195,,28.9,0.081,1.981,,,95.768,96,,25.7,0.032,4.499,31523.71,31524,,14.8,0.214,7.745,55610201.887,55610202,,32.4,1.461,1.77,58.881,0,,37.7,0.057,0.153,1.421,0,,40,0,-1.496,0.032,0,,36.9,0,1.059489203,11.4680401,0
,J28,50,0,0,0,0,531.4,9.4,90.6,50.2,16.8,0.237,,28.6,0.05,2.06,,,114.809,115,,25.8,0.228,4.474,29783.71,29784,,22.5,0.328,5.37,234585.118,234585,,32.4,1.278,1.77,58.86,0,,38.5,0.412,-0.082,0.827,0,,40,0,-1.496,0.032,0,,40,0,0.176555716,1.501605037,0
,J30,50,0,10,0,0,270.5,18.5,81.5,49,16.8,0.073,,29.4,0.565,1.854,,,71.442,71,,25.3,0.035,4.617,41439.217,41439,,23.4,0.126,5.093,123819.67,123820,,33,0.497,1.618,41.448,0,,39.1,0,-0.258,0.552,0,,34.4,0.082,0.23,1.698,0,,40,0,0.176555716,1.501605037,0
,J58,50,0,12,0,0,1862.9,2.7,97.3,50.4,16.9,0.067,,28.4,0.036,2.128,,,134.427,134,,26,0.059,4.422,26419.437,26419,,17.8,0.141,6.815,6529410.354,6529410,,31.6,0.573,2.005,101.175,101,,36.7,0.514,0.469,2.942,0,,40,0,-1.496,0.032,0,,33.3,0,2.122678115,132.6410999,0
,M1,50,0,6,0,0,1110.1,4.5,95.5,51,17.6,0.351,,25.9,0.283,2.77,141,Birch,589.074,589,,10.2,0.227,8.981,958066606.29,958066606,,15.2,0.38,7.624,42040645.838,42040646,,11.7,0.031,7.566,36830756.382,36830756,,40,0,-0.544,0.286,0,,31.2,0.343,1.191,15.532,16,,40,0,0.176555716,1.501605037,0
,M2,50,0,6,0,0,2066.8,2.4,97.6,49.9,17.4,0.187,,25.8,0.141,2.793,126,Boulerice,620.176,620,,12.8,0.131,8.231,170146357.392,170146357,,15,0.067,7.686,48492599.78,48492600,,34.1,1.466,1.291,19.556,0,,25,0.184,4.009,10215.719,10216,,32.2,0.136,0.887,7.713,0,,40,0,0.176555716,1.501605037,0
,M3,50,0,8,0,0,2027.7,2.5,97.5,50.4,17.4,0.039,,27.6,0.081,2.315,158,Birch,206.521,207,,17.8,0.139,6.78,6021647.013,6021647,,24.1,0.298,4.892,78027.095,78027,,35.1,0.257,1.025,10.594,0,,35.5,0.304,0.831,6.769,0,,29.3,0.358,1.786,61.053,61,,34.3,0.268,1.829657287,67.55496719,0
,M4,50,5,10,1,10,1637.8,3.1,96.9,49.6,17.5,0.028,,16.8,0.088,5.132,137,Birch,135518.778,135519,,14.5,0.133,7.744,55433115.053,55433115,,26.3,0.183,4.226,16837.132,16837,,19.6,0.139,5.365,231473.006,231473,,40,0,-0.544,0.286,0,,32.9,1.374,0.689,4.886,0,,34.2,0,1.868005674,73.79138712,0
,M5,50,1,1,0,1.961,1834.7,2.7,97.3,50.6,17.5,0.286,,10.4,0.66,6.788,168,Birch,6140736.911,6140737,,11.5,0.071,8.604,401684554.271,401684554,,12,0.149,8.597,395083272.75,395083273,,17.8,0.087,5.876,751309.424,751309,,23.9,0.199,4.359,22838.291,22838,,31.6,0.48,1.084,12.142,12,,40,0,0.176555716,1.501605037,0
,M6,50,0,2,0,0,1861.9,2.7,97.3,50,16.9,0.162,,13.1,0.385,6.085,109,Boulerice,1215716.891,1215717,,10.7,0.118,8.819,659428445.726,659428446,,13.2,0.001,8.223,167239156.836,167239157,,33.1,1.007,1.598,39.591,0,,40,0,-0.544,0.286,0,,26.2,0.587,2.72,524.906,525,,40,0,0.176555716,1.501605037,0
,M7,42,0,0,0,0,2016.9,2.5,97.5,50.5,17.4,0.123,,26.8,0.291,2.539,110,Boulerice,346.337,346,,20.1,0.105,6.11,1287366.796,1287367,,25.2,0.039,4.554,35807.726,35808,,33.9,0,1.364,23.119,0,,40,0,-0.544,0.286,0,,23.1,0.309,3.68,4782.363,4782,,22.5,0.243,5.227732021,168939.8177,168940
,M8,50,1,7,0,1.754,1535.2,3.3,96.7,50.3,17,0.373,,13.4,0.107,6.016,140,Birch,1036371.447,1036371,,10.6,1.08,8.851,710387589.053,710387589,,13.3,0.254,8.21,162322206.335,162322206,,31.6,0.296,2.012,102.821,103,,40,0,-0.544,0.286,0,,28.6,0.018,2,100.11,100,,40,0,0.176555716,1.501605037,0
,M9,47,1,0,0,2.128,757.3,6.6,93.4,49.5,16.9,0.387,,13.9,0.048,5.874,87,Boulerice,747404.011,747404,,11.1,0.07,8.729,535879957.082,535879957,,13.1,0.205,8.256,180348908.678,180348909,,32.6,0.289,1.734,54.256,0,,33.5,0,1.436,27.272,0,,22.6,0.078,3.824,6664.011,6664,,40,0,0.176555716,1.501605037,0
,M10,48,0,0,0,0,331.9,7.5,42.5,50.2,16.7,0.062,,12.5,0.238,6.242,100,Boulerice,1746445.459,1746445,,9,0.306,9.317,2072613444.946,2072613445,,15.4,0.432,7.554,35835102.597,35835103,,33.4,0.569,1.505,31.974,0,,37.7,0,0.149,1.408,0,,26.5,0.063,2.619,416.379,416,,40,0,0.176555716,1.501605037,0
,M11,50,4,7,0,7.018,1035.9,4.8,95.2,51,17.4,0.048,,20.5,0.089,4.182,135,Birch,15205.077,15205,,12.8,0.052,8.225,167792709.396,167792709,,24.8,0.003,4.681,47931.493,47931,,34.3,1.89,1.25,17.777,0,,40,0,-0.544,0.286,0,,32.9,1.76,0.676,4.739,0,,33.9,0.23,1.931688056,85.44527585,0
,M12,50,0,0,0,0,1886.7,2.7,97.3,50.5,17,0.139,,11.1,0.225,6.605,106,Boulerice,4030798.578,4030799,,10.8,0.229,8.797,626230941.181,626230941,,16.4,0.003,7.249,17723985.68,17723986,,34.2,0.882,1.29,19.477,0,,29,0.155,2.784,608.542,609,,30.5,0.855,1.405,25.405,25,,40,0,0.176555716,1.501605037,0
,M13,49,0,0,0,0,1377.5,3.6,96.4,50.9,17.3,0.092,,21.1,0.17,4.014,175,Boulerice,10320.187,10320,,17.8,0.261,6.768,5857440.434,5857440,,19.5,0.106,6.302,2003409.607,2003410,,32,0.679,1.9,79.343,79,,33,0.075,1.593,39.147,0,,33.7,0,0.429,2.686,0,,34.3,0,1.827053119,67.15109806,0
,M14,50,1,3,0,1.887,721.7,6.9,93.1,49,17.1,0.265,,23,0.09,3.527,88,Boulerice,3367.443,3367,,18.3,0.004,6.63,4262313.415,4262313,,14.5,0.1,7.825,66762757.996,66762758,,33.8,0.257,1.399,25.067,0,,39.1,0,-0.282,0.522,0,,30.7,0.049,1.356,22.72,23,,34.4,0,1.798544786,62.88467004,0
,M15,50,1,13,0,1.587,1660.3,3,97,50.9,17.1,0.259,,14.3,0.171,5.769,91,Boulerice,587796.426,587796,,12.7,0.033,8.259,181403974.296,181403974,,20.7,0.067,5.927,844671.926,844672,,32.4,1.917,1.791,61.744,0,,38.8,0,-0.172,0.673,0,,25.9,0.462,2.816,654.269,654,,38.2,0,0.711800815,5.149923945,0
2,M16,50,0,16,0,0,1451.3,3.4,96.6,50.6,18.8,0.405,,24.9,0.006,3.016,154,Birch,1038.52,1039,,16.8,0.111,7.066,11646133.157,11646133,,26.5,0.247,4.165,14608.967,14609,,31.6,0.191,1.995,98.792,99,,40,0,-0.544,0.286,0,,27.6,0.112,2.29,194.975,195,,40,0,0.176555716,1.501605037,0
,M17,50,0,6,1,1.786,2030.4,2.5,97.5,50.7,18.5,0.224,,30.8,0.474,1.5,167,Birch,31.589,32,,16.4,0.486,7.192,15573464.327,15573464,,18.2,0.022,6.691,4912647.185,4912647,,32.5,0.383,1.766,58.317,0,,30.6,0.314,2.318,207.811,208,,30.9,0.988,1.283,19.205,19,,40,0,0.176555716,1.501605037,0
,M19,50,1,2,0,1.923,979.2,5.1,94.9,49.4,17.9,0.103,,11.9,0.138,6.409,86,Boulerice,2563757.098,2563757,,10.8,0.225,8.814,651209387.688,651209388,,13.3,0.349,8.189,154388755.935,154388756,,31.8,0.132,1.939,86.798,87,,34.2,0.455,1.21,16.235,0,,28.1,0.263,2.16,144.475,144,,40,0,0.176555716,1.501605037,0
,M20,50,0,4,1,1.852,1070.9,4.7,95.3,49.1,17.8,0.026,,18.9,0.122,4.591,116,Boulerice,39018.476,39018,,16.9,1.6,7.028,10676257.321,10676257,,14.1,0.476,7.941,87202947.861,87202948,,31.8,0.038,1.958,90.874,91,,40,0,-0.544,0.286,0,,31.4,0.776,1.148,14.054,14,,40,0,0.176555716,1.501605037,0
,M21,50,0,8,0,0,315.2,15.9,84.1,45,17.7,0.132,,31.1,0.141,1.426,142,Birch,26.643,27,,17.8,0.088,6.769,5877382.222,5877382,,24,0.271,4.904,80076.585,80077,,29.9,0.247,2.47,294.969,295,,36.5,1.061,0.522,3.325,0,,33.6,0.401,0.476,2.989,0,,40,0,0.176555716,1.501605037,0
,M22,50,0,6,0,0,289.4,8.6,41.4,50.1,17.5,0.227,,27.1,0.094,2.461,143,Birch,289.284,289,,14.1,0.114,7.863,72933685.907,72933686,,12.3,0.176,8.512,324885686.909,324885687,,31.2,0.403,2.121,132.077,132,,40,0,-0.544,0.286,0,,35.7,6.001,-0.189,0.647,0,,40,0,0.176555716,1.501605037,0
,M23,50,1,7,0,1.754,1052.6,4.8,95.2,51,17.5,0.332,,27.8,0.001,2.273,111,Boulerice,187.525,188,,15.4,0.402,7.485,30546658.946,30546659,,15.3,0.184,7.598,39645930.772,39645931,,32.5,1.399,1.755,56.848,0,,22.5,0.255,4.774,59467.286,59467,,31,0.191,1.268,18.538,19,,40,0,0.176555716,1.501605037,0
,M24,50,0,5,0,0,1634.8,3.1,96.9,50.7,18.1,0.22,,22.6,0.069,3.631,108,Boulerice,4274.167,4274,,20.3,0.046,6.049,1120300.838,1120301,,24.5,0.147,4.755,56824.176,56824,,28.5,0.095,2.86,724.9,725,,27,0.582,3.408,2558.505,2559,,30,0.736,1.574,37.489,37,,40,0,0.176555716,1.501605037,0
,M25,50,0,8,1,1.724,1583.9,3.2,96.8,49,17.9,0.608,,28.6,0.183,2.071,178,Birch,117.795,118,,10.3,0.151,8.951,893780822.201,893780822,,23.7,0.015,4.996,99132.612,99133,,28.4,0.141,2.892,779.952,780,,31.5,0.473,2.032,107.705,108,,30.7,2.699,1.343,22.006,22,,40,0,0.176555716,1.501605037,0
,M26,50,0,8,0,0,934.9,5.3,94.7,49.2,18.3,0.154,,14.4,0.262,5.761,170,Birch,576327.348,576327,,12.7,0.109,8.253,179151548.616,179151549,,24.8,0.132,4.66,45746.873,45747,,29.2,0.018,2.668,465.398,465,,40,0,-0.544,0.286,0,,28.7,0.202,1.965,92.151,92,,40,0,0.176555716,1.501605037,0
,M27,50,0,8,1,1.724,1237.5,4,96,50.5,17.7,0.033,,15.2,0.028,5.542,165,Birch,348216.222,348216,,11.9,0.055,8.478,300908486.879,300908487,,16.8,0.198,7.112,12929702.186,12929702,,29.7,0.222,2.533,341.332,341,,32.6,1.773,1.704,50.532,0,,30.7,0.084,1.34,21.892,22,,40,0,0.176555716,1.501605037,0
,M28,50,1,6,0,1.786,2133.2,2.3,97.7,50.2,18.8,0.144,,11.1,0.34,6.599,155,Birch,3970254.551,3970255,,9,0.31,9.315,2065351071.248,2065351071,,13.9,0.657,8.015,103512613.926,103512614,,20,0.179,5.259,181700.661,181701,,25.6,0.482,3.847,7031.672,7032,,31.8,0,1.002,10.057,10,,40,0,0.176555716,1.501605037,0
,M29,50,1,7,0,1.754,669.4,7.5,92.5,50.1,18.2,0.022,,25.6,0.004,2.834,174,Boulerice,682.196,682,,14.4,0.063,7.776,59637011.265,59637011,,14.5,0.214,7.822,66447282.101,66447282,,30.8,0.779,2.237,172.612,173,,38,1.764,0.064,1.159,0,,30.5,0.013,1.411,25.758,26,,40,0,0.176555716,1.501605037,0
,M30,50,0,7,0,0,1245.7,4,96,50.9,18.3,0.054,,18.1,0.345,4.802,94,Boulerice,63320.186,63320,,11.9,0.274,8.487,306889788.67,306889789,,17.2,0.101,6.992,9826943.831,9826944,,29.7,0.158,2.527,336.839,337,,37,1.007,0.366,2.325,0,,29.2,0.645,1.819,65.916,66,,40,0,0.176555716,1.501605037,0
,M31,50,1,8,0,1.724,654.8,7.6,92.4,49.5,18.5,0.072,,19.5,0.063,4.43,164,Birch,26936.784,26937,,11.9,0.182,8.472,296527314.837,296527315,,26.4,0.033,4.174,14913.569,14914,,29.1,0.746,2.698,498.314,498,,40,0,-0.544,0.286,0,,32.7,0.115,0.724,5.296,0,,40,0,0.176555716,1.501605037,0
,,,,,,,,,,,,,,,,,,,,,,,,,,,,,,,,,,,,,,,,,,,,,,,,,,,,,,,,
,,,,,,,,,,,SLOP,-3.8519,,,,,,,,,,-3.4613,,,,,,-3.2602,,,,,,-3.5716,,,,,,-3.29,,,,,,-3.268,,,,,,-3.455,,,,
,,,,,,,,,,,INTERCEPT,36.56,,,,,,,,,,41.271,,,,,,40.033,,,,,,38.758,,,,,,38.21,,,,,,35.11,,,,,,40.61,,,,